subject,file,region,block,direction,raw_fit_status,raw_midpoint,behavior_cv_r2,behavior_ridge_alpha,adjusted_fit_status,adjusted_midpoint_usable,adjusted_low,adjusted_amplitude,adjusted_midpoint,adjusted_scale,adjusted_r_squared,adjusted_constant_aic,adjusted_sigmoid_aic,adjusted_delta_aic_sigmoid_minus_constant,adjusted_early_five_mean,adjusted_late_five_mean,adjusted_late_minus_early,adjusted_early_identity_null_q95,adjusted_early_identity_null_p,adjusted_early_spatial_null_q95,adjusted_early_spatial_null_p,adjusted_monotonic_trend_rho,adjusted_monotonic_trend_p,adjusted_n_scores
M01,sub-M01_ses-20240312T100000_behavior+ecephys.nwb,CA1,1,LtoR,detectable_transition,4.959045046021992,-0.024516862270401285,1.0,unresolved_nonmonotonic_or_weak,False,0.019878810577132703,0.3752407771164878,1.000000000006515,25.90058884224144,0.3494917447882968,-201.19710633956842,-210.2471515086916,-9.050045169123166,0.19312542690383586,0.3003754312128047,0.10725000430896883,0.12254465516272342,0.0119760479041916,0.10262914573412872,0.0039920159680638,0.5801120448179272,0.001996007984031936,35
M01,sub-M01_ses-20240312T100000_behavior+ecephys.nwb,CA1,1,RtoL,unresolved_nonmonotonic_or_weak,1.0000000000000089,-0.0794277933524059,1.0,unresolved_nonmonotonic_or_weak,False,-0.013045951288270179,0.2859045372284147,1.0000000000101024,8.000495615701153,0.5754323830263648,-206.7409229839331,-231.58154697523747,-24.84062399130437,0.13914565506087398,0.26626225102770607,0.12711659596683209,0.08771663495816266,0.0219560878243512,0.10251053815174106,0.0319361277445109,0.7078507078507079,0.001996007984031936,36
M01,sub-M01_ses-20240312T100000_behavior+ecephys.nwb,CA3,1,LtoR,unresolved_nonmonotonic_or_weak,1.000000000000001,-0.1400461466308922,1.0,unresolved_nonmonotonic_or_weak,False,-0.0024200883975805183,0.0717936871757414,3.0521478236782436,0.5000000000000002,0.05100039339445206,-180.7501367257713,-176.5822780475538,4.167858678217499,0.056736252846450994,0.06704138737848996,0.010305134532038962,0.07999371000813836,0.24750499001996,0.07038510866493997,0.1117764471057884,0.12633053221288518,0.19760479041916168,35
M01,sub-M01_ses-20240312T100000_behavior+ecephys.nwb,CA3,1,RtoL,unresolved_nonmonotonic_or_weak,2.180396824092418,-0.33017036136424327,1.0,unresolved_nonmonotonic_or_weak,False,0.06306459404179819,3.453915504287135e-12,28.016178594625167,29.984946741668566,-1.6162626792493029e-12,-188.02643870724557,-182.02643870718742,6.000000000058151,0.06471723743456968,0.06041083180405571,-0.004306405630513974,0.07914748186450736,0.155688622754491,0.04730402326059516,0.0259481037924151,-0.1523809523809524,0.8223552894211577,36
M01,sub-M01_ses-20240312T100000_behavior+ecephys.nwb,RSC,1,LtoR,unresolved_nonmonotonic_or_weak,34.99999999999996,-0.20854461882998487,1.0,unresolved_nonmonotonic_or_weak,False,0.04765565339931964,0.17647580181258332,34.99999999999999,0.6057362088188175,0.2041580882346059,-234.990266652244,-236.98268171825734,-1.9924150660133364,0.04425116573133413,0.0723482521397889,0.028097086408454777,0.05614233298394352,0.0998003992015968,0.05421372083406142,0.0818363273453093,0.2801120448179272,0.05588822355289421,35
M01,sub-M01_ses-20240312T100000_behavior+ecephys.nwb,RSC,1,RtoL,unresolved_nonmonotonic_or_weak,1.0000000000000002,-0.4145030641249565,1.0,unresolved_nonmonotonic_or_weak,False,-0.043806606792508244,0.12327836646394902,1.0000000000000002,9.818182778858633,0.28580489914457585,-243.63713755364063,-249.7547052785922,-6.117567724951584,0.016047029220371024,0.06828655916509467,0.052239529944723646,0.049504149757880665,0.3992015968063872,0.04204418173524567,0.2455089820359281,0.5474903474903475,0.001996007984031936,36
M01,sub-M01_ses-20240313T100000_behavior+ecephys.nwb,CA1,1,LtoR,unresolved_nonmonotonic_or_weak,1.6704036504082371,-0.06314226815354185,1.0,present_from_first_observed_traversals,False,0.2078725705783628,0.219230207622037,39.99999999998465,29.999999999998042,0.06899786608826242,-209.2099730549122,-206.0697214406535,3.140251614258716,0.2446891874131481,0.33569366185187965,0.09100447443873155,0.11727213965316889,0.0019960079840319,0.14520387869824597,0.0019960079840319,0.2983114446529081,0.03792415169660679,40
M01,sub-M01_ses-20240313T100000_behavior+ecephys.nwb,CA1,1,RtoL,present_from_first_observed_traversals,11.749449295311512,-0.02048239245923833,1.0,present_from_first_observed_traversals,False,0.31288791016867656,0.044312737122938414,11.529997903567535,0.5000000000033213,0.12870534728677818,-232.3248177578691,-231.8358204338666,0.4889973240025256,0.3394949878066441,0.3415804185116409,0.0020854307049967824,0.1741116229908859,0.0019960079840319,0.146459806892048,0.0019960079840319,0.2675422138836773,0.05389221556886228,40
M01,sub-M01_ses-20240313T100000_behavior+ecephys.nwb,CA3,1,LtoR,unresolved_nonmonotonic_or_weak,1.0000000000000002,0.15229495073158061,1.0,unresolved_nonmonotonic_or_weak,False,0.08559905480334826,0.24609546057717002,1.0000000000001292,6.236850276874079,0.21316322671907828,-204.22513248085866,-207.8145107122578,-3.589378231399138,0.23624719457622562,0.34793517153321274,0.11168797695698712,0.12606973737676364,0.0019960079840319,0.1311152531156674,0.0019960079840319,0.3352720450281426,0.017964071856287425,40
M01,sub-M01_ses-20240313T100000_behavior+ecephys.nwb,CA3,1,RtoL,present_from_first_observed_traversals,15.03446568705474,-0.09366041312567819,1.0,present_from_first_observed_traversals,False,0.23446631696772838,0.03895995754879037,15.295436366186143,0.5000000000657125,0.0560056789295984,-202.78544458363362,-199.090849730433,3.6945948532006128,0.27380018761585634,0.25402797632567065,-0.019772211290185693,0.12396328395224458,0.0019960079840319,0.1591272032816333,0.0019960079840319,0.1375234521575985,0.21157684630738524,40
M01,sub-M01_ses-20240313T100000_behavior+ecephys.nwb,RSC,1,LtoR,detectable_transition,2.553961498631804,0.10255553203959211,1.0,detectable_transition,True,0.13166387956325665,0.11855315009204144,24.16093242273305,4.907828912425269,0.36037702894992674,-211.0277347697444,-222.90279012793727,-11.875055358192867,0.13407285917054665,0.23786946509009893,0.10379660591955228,0.09809847069138308,0.0019960079840319,0.0868551725745706,0.0059880239520958,0.5647279549718576,0.001996007984031936,40
M01,sub-M01_ses-20240313T100000_behavior+ecephys.nwb,RSC,1,RtoL,unresolved_nonmonotonic_or_weak,1.0000000001935927,-0.15151410491835637,1.0,unresolved_nonmonotonic_or_weak,False,0.13608763574782706,0.5272175866281318,39.99999999999979,16.081553099977807,0.42017297730479963,-179.8274054299422,-195.62842369616232,-15.801018266220126,0.16494576252442436,0.37511851402267676,0.2101727514982524,0.08349156582952139,0.0019960079840319,0.07739174597032379,0.0019960079840319,0.6718574108818012,0.001996007984031936,40
M01,sub-M01_ses-20240314T100000_behavior+ecephys.nwb,CA1,1,LtoR,present_from_first_observed_traversals,1.6860549317036035,-0.05092692847193736,1.0,present_from_first_observed_traversals,False,0.12927803884563227,0.33685430042488196,1.7840866937452857,0.5000000000000001,0.39347914058479383,-317.37805651763176,-340.37899368681514,-23.000937169183373,0.37810940788480885,0.45561252067467856,0.07750311278986971,0.1953622788246863,0.0019960079840319,0.13593579430492217,0.0019960079840319,-0.10234089021501738,0.7964071856287425,58
M01,sub-M01_ses-20240314T100000_behavior+ecephys.nwb,CA1,1,RtoL,unresolved_nonmonotonic_or_weak,1.0000000000000075,0.22847392795432453,1.0,unresolved_nonmonotonic_or_weak,False,0.15597926270728757,0.37493450128588435,1.000000000189818,6.38407387239087,0.4451073309082264,-301.28473080320776,-329.4456040349807,-28.16087323177294,0.39978504650516516,0.5344671381737016,0.13468209166853645,0.17215965334487418,0.0019960079840319,0.2580660773375475,0.0099800399201596,0.5356362853363684,0.001996007984031936,58
M01,sub-M01_ses-20240314T100000_behavior+ecephys.nwb,CA3,1,LtoR,present_from_first_observed_traversals,25.974620561667983,-0.2939155304780572,1.0,present_from_first_observed_traversals,False,0.09362835768944118,0.05900097221339904,25.485317369660148,0.5000000000357445,0.1535582212100055,-301.2290733964201,-304.8984771907022,-3.6694037942820614,0.097448707542623,0.11351346803568536,0.016064760493062366,0.07522628376126107,0.0099800399201596,0.07826186249243997,0.0159680638722554,0.30806853486726754,0.015968063872255488,58
M01,sub-M01_ses-20240314T100000_behavior+ecephys.nwb,CA3,1,RtoL,present_from_first_observed_traversals,34.40345899569272,-0.1646909916290431,1.0,present_from_first_observed_traversals,False,0.2756645279711864,0.0522879810858991,34.62177861358804,0.5000025506574641,0.12216436564727007,-302.7179452088984,-304.2751078428334,-1.5571626339349791,0.30106621575607445,0.32622102248001283,0.025154806723938383,0.15225567859959924,0.0019960079840319,0.13375942414405534,0.0019960079840319,0.1860100279922483,0.08982035928143713,58
M01,sub-M01_ses-20240314T100000_behavior+ecephys.nwb,RSC,1,LtoR,present_from_first_observed_traversals,1.0000000000000002,0.1893121212525155,1.0,present_from_first_observed_traversals,False,0.1368344904085011,0.06725135463913567,28.24101700851889,0.8153756405906544,0.3736481559551291,-337.9011515301963,-359.03604637605434,-21.13489484585807,0.11052871781161153,0.15333799361175068,0.04280927580013916,0.0690839109815965,0.0039920159680638,0.06635785010244691,0.0039920159680638,0.5001999446307178,0.001996007984031936,58
M01,sub-M01_ses-20240314T100000_behavior+ecephys.nwb,RSC,1,RtoL,present_from_first_observed_traversals,1.0000000000000002,-0.07764484506730263,1.0,present_from_first_observed_traversals,False,0.1521080003452335,0.07323020980660137,57.99999999999987,29.99999999999908,0.03219777410423286,-357.3838877172389,-353.28208414817243,4.101803569066476,0.14484719324210643,0.20798060670064816,0.06313341345854173,0.08336451000243178,0.0019960079840319,0.06399259543676128,0.0019960079840319,0.12596511735211788,0.1656686626746507,58
M02,sub-M02_ses-20240312T100000_behavior+ecephys.nwb,CA1,1,LtoR,unresolved_nonmonotonic_or_weak,5.5163210381367564,-0.13443305249579973,1.0,unresolved_nonmonotonic_or_weak,False,0.031212522847850317,0.048555709144420395,5.126947580052852,0.5000000039070929,0.09500310877617402,-214.64634916116293,-212.24000489555954,2.406344265603394,0.033193260031920024,0.10172051188105706,0.06852725184913704,0.14768319111015973,0.2714570858283433,0.14436713591399103,0.3093812375249501,0.1747747747747748,0.12974051896207583,36
M02,sub-M02_ses-20240312T100000_behavior+ecephys.nwb,CA1,1,RtoL,unresolved_nonmonotonic_or_weak,34.99999999998537,-0.08911804464136841,1.0,unresolved_nonmonotonic_or_weak,False,0.10384573319977146,0.08659928440137776,27.500673478789995,0.5000000000762642,0.4046182843415298,-201.27676734909838,-213.4261062565475,-12.149338907449135,0.07508537488030424,0.18264282510920496,0.10755745022890072,0.12954904112827184,0.1576846307385229,0.12277760981377894,0.1257485029940119,0.49663865546218494,0.003992015968063872,35
M02,sub-M02_ses-20240312T100000_behavior+ecephys.nwb,CA3,1,LtoR,unresolved_nonmonotonic_or_weak,1.000000000001246,-0.4229063229935752,1.0,unresolved_nonmonotonic_or_weak,False,-0.18993880009303724,0.391159433728722,1.0000000000000653,3.4326873934541435,0.1350440241978429,-140.83061576670175,-140.05337582808878,0.7772399386129791,0.05172116156868206,0.13799304974393997,0.08627188817525791,0.08744665953938432,0.1996007984031936,0.09748516991743712,0.2135728542914171,0.2885456885456885,0.043912175648702596,36
M02,sub-M02_ses-20240312T100000_behavior+ecephys.nwb,CA3,1,RtoL,unresolved_nonmonotonic_or_weak,1.0000000000000002,-0.22652224331851345,1.0,unresolved_nonmonotonic_or_weak,False,0.05481018221284921,0.11189372073498505,5.471871073534707,0.5000000001434429,0.13135308802832757,-158.28944223498948,-157.21809154178518,1.0713506932042947,0.053234182684273525,0.15998622310151095,0.10675204041723743,0.13775927646671404,0.086,0.12148197048642245,0.16,0.18151260504201683,0.1656686626746507,35
M02,sub-M02_ses-20240312T100000_behavior+ecephys.nwb,RSC,1,LtoR,unresolved_nonmonotonic_or_weak,18.434084864689467,-0.5610147456061301,1.0,unresolved_nonmonotonic_or_weak,False,0.009779918699431423,0.051980707116545594,15.117802063225009,0.5000000000109479,0.051451768252888,-157.41860000431606,-153.3202150568964,4.0983849474196745,0.08874128877175373,-0.012935725795807474,-0.1016770145675612,0.10502686855889065,0.1676646706586826,0.08925782864021464,0.0558882235528942,0.08622908622908623,0.26746506986027946,36
M02,sub-M02_ses-20240312T100000_behavior+ecephys.nwb,RSC,1,RtoL,unresolved_nonmonotonic_or_weak,7.129011398572987,-0.20645204943238915,1.0,unresolved_nonmonotonic_or_weak,False,0.06640582120413736,0.13161376408656209,7.146153409953347,0.5000000777608655,0.15438842747055526,-143.49294582779328,-143.3622763905607,0.1306694372325694,0.07008409565135902,0.21699406290612488,0.14690996725476585,0.105050689364428,0.2255489021956087,0.10023105971151922,0.1876247504990019,0.2871148459383754,0.04590818363273453,35
M02,sub-M02_ses-20240313T100000_behavior+ecephys.nwb,CA1,1,LtoR,unresolved_nonmonotonic_or_weak,1.0000000000000129,-0.037469855951696385,1.0,unresolved_nonmonotonic_or_weak,False,-0.12050913418307002,0.45166366157271787,1.0000000000129339,21.47061496431321,0.6846780378073605,-286.3913181269748,-342.71601536419087,-56.32469723721607,0.09119671843192337,0.3004016558750126,0.20920493744308924,0.06714970021409616,0.0119760479041916,0.058527832266041774,0.0039920159680638,0.824966647608157,0.001996007984031936,54
M02,sub-M02_ses-20240313T100000_behavior+ecephys.nwb,CA1,1,RtoL,detectable_transition,17.018967001369113,0.03016757346860588,1.0,unresolved_nonmonotonic_or_weak,False,0.1275724158266173,0.07713109408267677,22.13713426853992,1.8357215491374472,0.5610028986613773,-328.7854154414024,-367.2415887567137,-38.45617331531133,0.11287939155863536,0.21636170709180708,0.10348231553317172,0.07909320419032503,0.0059880239520958,0.07493335561528441,0.0019960079840319,0.7230417381360776,0.001996007984031936,54
M02,sub-M02_ses-20240313T100000_behavior+ecephys.nwb,CA3,1,LtoR,unresolved_nonmonotonic_or_weak,1.0000000093027477,-0.14145762926537309,1.0,unresolved_nonmonotonic_or_weak,False,-0.1413626504723445,0.349966518410142,1.0000000000082636,20.727891401282783,0.46312270293768465,-291.2357051365,-318.822933350862,-27.587228214362028,0.034023783513922566,0.18331006307133718,0.1492862795574146,0.056147165273494004,0.3393213572854291,0.0483761550765686,0.1417165668662674,0.6736420811892508,0.001996007984031936,54
M02,sub-M02_ses-20240313T100000_behavior+ecephys.nwb,CA3,1,RtoL,detectable_transition,29.40744146868238,0.031969775969286296,1.0,detectable_transition,True,0.11556539601839684,0.16564697899700234,28.630132647320373,2.797145649651629,0.5667718702767264,-249.02674628809,-288.197251174917,-39.17050488682702,0.11586186526505556,0.23383616100835036,0.11797429574329481,0.10663262298097599,0.0179640718562874,0.0779991960904648,0.0059880239520958,0.7234991423670668,0.001996007984031936,54
M02,sub-M02_ses-20240313T100000_behavior+ecephys.nwb,RSC,1,LtoR,unresolved_nonmonotonic_or_weak,22.59354895376601,-0.1448128661335688,1.0,unresolved_nonmonotonic_or_weak,False,0.021455998199423763,0.060831874634998284,22.69636220335219,0.8433695671488796,0.3480749928799388,-323.5710380558072,-340.6736282007718,-17.10259014496461,0.02861055593471564,0.1022885481533237,0.07367799221860805,0.04497598709512892,0.2375249500998004,0.03872101295226392,0.0998003992015968,0.5238421955403086,0.001996007984031936,54
M02,sub-M02_ses-20240313T100000_behavior+ecephys.nwb,RSC,1,RtoL,unresolved_nonmonotonic_or_weak,1.000000000047313,-0.027395300331675365,1.0,unresolved_nonmonotonic_or_weak,False,0.06625873800365796,0.028419801562404777,34.955252928156476,1.6592863555106991,0.07909937153933877,-332.40394337677776,-330.85371314269275,1.5502302340850065,0.0536226552745591,0.08246331534742377,0.028840660072864663,0.06647155754216458,0.2235528942115768,0.04568947455627568,0.0219560878243512,0.26556127310844285,0.021956087824351298,54
M02,sub-M02_ses-20240314T100000_behavior+ecephys.nwb,CA1,1,LtoR,present_from_first_observed_traversals,1.0000000000002398,0.3729326560251772,1.0,present_from_first_observed_traversals,False,0.27970582305377295,0.04650817917321966,17.721178575506933,0.5000000312127885,0.2592889521739583,-307.23581312367077,-315.94290237941334,-8.707089255742574,0.2773544352607623,0.3057429359167598,0.028388500655997462,0.1132296039715096,0.0019960079840319,0.1575337766818929,0.0019960079840319,0.31244897959183665,0.011976047904191617,49
M02,sub-M02_ses-20240314T100000_behavior+ecephys.nwb,CA1,1,RtoL,present_from_first_observed_traversals,1.000000000000025,-0.416690496689607,1.0,present_from_first_observed_traversals,False,0.15479474530930146,0.09743601694305704,1.0000000000000002,2.3906127707366354,0.08565678113432518,-328.4741817888278,-326.8620957754548,1.6120860133730162,0.22344466148029082,0.2709269664587878,0.04748230497849695,0.07593668572088726,0.0019960079840319,0.07803734879311755,0.0019960079840319,0.1707142857142857,0.10379241516966067,49
M02,sub-M02_ses-20240314T100000_behavior+ecephys.nwb,CA3,1,LtoR,present_from_first_observed_traversals,48.999999869265295,-0.1153226759592505,1.0,present_from_first_observed_traversals,False,0.1783577595459643,1.2182884456701345e-10,48.999999873786734,29.9999999999936,-7.623257580746667e-11,-281.34269874554604,-275.3426987418107,6.000000003735352,0.21362763845937457,0.15481705705539367,-0.058810581403980905,0.08647828903369474,0.0019960079840319,0.07652887367590934,0.0019960079840319,-0.1540816326530612,0.8542914171656687,49
M02,sub-M02_ses-20240314T100000_behavior+ecephys.nwb,CA3,1,RtoL,present_from_first_observed_traversals,3.54810015008697,-0.3553447473575517,1.0,present_from_first_observed_traversals,False,0.22333300286480337,0.1365882145821191,3.50081470510148,0.5000000000000001,0.2692903686001412,-278.27226174693874,-287.6454785883644,-9.373216841425688,0.28417107785040113,0.37009982364798816,0.08592874579758703,0.10194519628838211,0.0019960079840319,0.09911903614931511,0.0019960079840319,0.11744897959183671,0.19760479041916168,49
M02,sub-M02_ses-20240314T100000_behavior+ecephys.nwb,RSC,1,LtoR,unresolved_nonmonotonic_or_weak,11.704145541233371,0.18281204100049742,1.0,unresolved_nonmonotonic_or_weak,False,0.07769023204755743,0.021982799752632638,16.10999140539213,0.7220795370040486,0.08523707513222023,-329.7516988491192,-328.11712579251514,1.6345730566040402,0.06712855265719973,0.09260053513699235,0.025471982479792613,0.06195995587782449,0.0439121756487025,0.06858650553213799,0.059880239520958,0.1271428571428571,0.19161676646706588,49
M02,sub-M02_ses-20240314T100000_behavior+ecephys.nwb,RSC,1,RtoL,present_from_first_observed_traversals,1.0000000000000002,-0.49034183265572606,1.0,present_from_first_observed_traversals,False,0.10314567951034542,1.61067806315255e-12,48.99999998990074,29.999999999999996,-9.57456336436735e-13,-310.17714168787205,-304.17714168782516,6.000000000046896,0.10097795613293188,0.07953935498255542,-0.021438601150376463,0.062256658330857105,0.0019960079840319,0.05898592809741111,0.0079840319361277,-0.12448979591836733,0.8243512974051896,49
M03,sub-M03_ses-20240621T100000_behavior+ecephys.nwb,CA1,1,LtoR,detectable_transition,24.851995077761853,0.003555449348159101,1.0,detectable_transition,True,0.14685431138833466,0.33004560261200344,22.249610049943296,6.41910632555787,0.7598320965227958,-176.11907672594444,-231.4550078301309,-55.33593110418647,0.16061212237136085,0.42503268926471593,0.2644205668933551,0.0787682317869815,0.0019960079840319,0.0857385283454411,0.0019960079840319,0.8577469042585322,0.001996007984031936,43
M03,sub-M03_ses-20240621T100000_behavior+ecephys.nwb,CA1,1,RtoL,unresolved_nonmonotonic_or_weak,1.0000000000000002,-0.056075692321751136,1.0,detectable_transition,True,-0.6079712350687634,1.5517547600813932,2.078586818193698,29.999999999999996,0.777377563485257,-157.33887646300596,-217.4391107620792,-60.100234299073236,0.17947149748526087,0.6403299963529265,0.46085849886766567,0.0931606108900881,0.0019960079840319,0.09160763617472521,0.0039920159680638,0.8945736434108527,0.001996007984031936,44
M03,sub-M03_ses-20240621T100000_behavior+ecephys.nwb,CA3,1,LtoR,detectable_transition,24.11751291739844,-0.1346740531825783,1.0,detectable_transition,True,0.06735748925892932,0.31071028711385523,22.627883425679357,5.129846345976347,0.5771341424736365,-161.2904670634865,-192.30057875590276,-31.010111692416274,0.085228643689534,0.3648705265561554,0.2796418828666214,0.09365338218570116,0.0758483033932135,0.054120822525539555,0.0059880239520958,0.7369374811235277,0.001996007984031936,43
M03,sub-M03_ses-20240621T100000_behavior+ecephys.nwb,CA3,1,RtoL,unresolved_nonmonotonic_or_weak,1.0000000000000002,-0.09642808286485471,1.0,unresolved_nonmonotonic_or_weak,False,-0.27343386406849224,0.6793011977801485,1.0000000000000002,5.091410423216464,0.5930279187058065,-186.06101370277247,-219.61748416050264,-33.55647045773017,0.12536097275171837,0.46411024222405717,0.3387492694723388,0.09640403466051672,0.0219560878243512,0.1372385245662298,0.0878243512974051,0.6810429880197322,0.001996007984031936,44
M03,sub-M03_ses-20240621T100000_behavior+ecephys.nwb,RSC,1,LtoR,unresolved_nonmonotonic_or_weak,1.000000000000061,-0.11359767302301371,1.0,unresolved_nonmonotonic_or_weak,False,-0.2794468469946442,0.6940475398486428,1.0000000000000002,14.826037440113923,0.6813538453429258,-185.5422759774897,-228.72025904825455,-43.17798307076484,0.09802830094518476,0.36418546210209723,0.26615716115691246,0.06015017260739185,0.0019960079840319,0.04224249392455234,0.0019960079840319,0.8193899124131682,0.001996007984031936,43
M03,sub-M03_ses-20240621T100000_behavior+ecephys.nwb,RSC,1,RtoL,unresolved_nonmonotonic_or_weak,1.0000000000064326,-0.07507834281027437,1.0,unresolved_nonmonotonic_or_weak,False,-0.2788225723316941,0.9856456697612689,1.0000000000050795,25.501028175654227,0.5959241488330405,-176.4614925143448,-210.33220991649222,-33.87071740214742,0.22980928469155665,0.5930603147096647,0.36325103001810805,0.08458478551772514,0.0019960079840319,0.07308966895370574,0.0019960079840319,0.7654686398872445,0.001996007984031936,44
M03,sub-M03_ses-20240622T100000_behavior+ecephys.nwb,CA1,1,LtoR,detectable_transition,28.71424630985557,-0.1592932631890469,1.0,detectable_transition,True,0.15001801400106024,0.16662955607183924,28.46293879323777,0.5000000174620739,0.4669779876613527,-185.3026011469288,-206.3578810859862,-21.055279939057414,0.13306359813932697,0.3092629200665688,0.17619932192724183,0.09460568750931492,0.0059880239520958,0.09064098305593032,0.0139720558882235,0.6768347931138629,0.001996007984031936,43
M03,sub-M03_ses-20240622T100000_behavior+ecephys.nwb,CA1,1,RtoL,unresolved_nonmonotonic_or_weak,45.99999992873452,0.0917239121090263,1.0,detectable_transition,True,-0.19084969680406463,0.7327555654328297,6.200894201290569,29.99999999994005,0.3632964754458877,-192.0178952236643,-206.78464841417443,-14.766753190510116,0.15136784539775078,0.3401150763509941,0.1887472309532433,0.08903206689396538,0.0039920159680638,0.10586967638814088,0.0039920159680638,0.5943262411347517,0.001996007984031936,46
M03,sub-M03_ses-20240622T100000_behavior+ecephys.nwb,CA3,1,LtoR,unresolved_nonmonotonic_or_weak,1.0000000000000022,-0.15381334729537,1.0,detectable_transition,True,0.006625473938585561,0.2608890876217805,7.282224725683923,1.6913684028881772,0.40393585062256765,-175.9361660907832,-192.1846664253673,-16.248500334584122,0.02507239578436461,0.20669678664634042,0.18162439086197582,0.09278615253068394,0.936127744510978,0.07306220933037025,0.3752495009980039,0.4836907278767744,0.001996007984031936,43
M03,sub-M03_ses-20240622T100000_behavior+ecephys.nwb,CA3,1,RtoL,detectable_transition,22.520903545677346,0.05546656435363917,1.0,detectable_transition,True,0.05555628187941544,0.16863053257598795,20.307207576904002,2.2115081854066703,0.4422285993415216,-198.9343305066446,-219.78941003854064,-20.855079531896024,0.06867824098642868,0.14938829636129763,0.08071005537486896,0.06975048550368537,0.059880239520958,0.11150142090458016,0.2954091816367265,0.6022201665124884,0.001996007984031936,46
M03,sub-M03_ses-20240622T100000_behavior+ecephys.nwb,RSC,1,LtoR,detectable_transition,28.37745222462109,0.04174642505830728,1.0,present_from_first_observed_traversals,False,0.17524835026513685,0.07135855022562287,28.3456605374678,0.5000000104129598,0.2932500450164439,-238.0699888669058,-246.99435774935387,-8.924368882448078,0.15588217933626244,0.22083763961342603,0.06495546027716359,0.07737622518563293,0.0019960079840319,0.05239831245961503,0.0019960079840319,0.4059196617336152,0.007984031936127744,43
M03,sub-M03_ses-20240622T100000_behavior+ecephys.nwb,RSC,1,RtoL,unresolved_nonmonotonic_or_weak,1.0000000000000002,-0.25248721083619063,1.0,unresolved_nonmonotonic_or_weak,False,-0.12183903205601722,0.39231211064270644,1.00000000000338,6.870741999227488,0.31760081982227995,-211.76801611518613,-223.3464783877523,-11.578462272566185,0.11691305566209291,0.2281207970642038,0.11120774140211089,0.06047576278122481,0.0019960079840319,0.04359595115194791,0.0019960079840319,0.48159111933395,0.001996007984031936,46
M03,sub-M03_ses-20240623T100000_behavior+ecephys.nwb,CA1,1,LtoR,detectable_transition,30.07495708997929,0.3881875375025069,1.0,detectable_transition,True,0.10123977256320953,0.11675940532958413,11.69663534232175,3.261535852956409,0.37121634967243977,-225.33512603182427,-238.8217836947156,-13.486657662891332,0.11645045579400382,0.22517858689167308,0.10872813109766927,0.10935310656188499,0.0339321357285429,0.08549966194120329,0.0079840319361277,0.58252977878616,0.001996007984031936,42
M03,sub-M03_ses-20240623T100000_behavior+ecephys.nwb,CA1,1,RtoL,detectable_transition,26.66170487415052,-0.23092481459225134,1.0,detectable_transition,True,0.10085802051993503,0.23722730713089796,22.728270439834365,5.717527313777028,0.5249047483798606,-180.8421537923547,-206.10023233597468,-25.258078543619973,0.11357168793317421,0.3072709873078752,0.193699299374701,0.07571335204200089,0.0059880239520958,0.07945576173267438,0.0119760479041916,0.7327607163114821,0.001996007984031936,42
M03,sub-M03_ses-20240623T100000_behavior+ecephys.nwb,CA3,1,LtoR,unresolved_nonmonotonic_or_weak,1.0000000000375204,0.087723475892025,1.0,detectable_transition,True,0.06257420224803159,0.27558872148492497,4.997891471118444,6.02029371117137,0.4688328135803055,-210.69810487906736,-231.27060000087783,-20.572495121810476,0.17644477348981297,0.32763296130657815,0.15118818781676518,0.07566916708008922,0.0019960079840319,0.07380653977927032,0.0019960079840319,0.5963049995948465,0.003992015968063872,42
M03,sub-M03_ses-20240623T100000_behavior+ecephys.nwb,CA3,1,RtoL,detectable_transition,19.27206458007997,-0.2807238665153593,1.0,detectable_transition,True,0.09964442759536493,0.18505080157282225,17.325231495239507,4.82092648150437,0.5269081122355637,-198.53063427376225,-223.9661912995283,-25.43555702576606,0.11606932502327691,0.2776117309990264,0.1615424059757495,0.08820343425747922,0.0039920159680638,0.07374256900438252,0.0039920159680638,0.6951624665748319,0.001996007984031936,42
M03,sub-M03_ses-20240623T100000_behavior+ecephys.nwb,RSC,1,LtoR,present_from_first_observed_traversals,6.001549561260903,-0.22983685152489408,1.0,present_from_first_observed_traversals,False,0.11112714460367809,0.09592862859978779,5.956111563582638,0.5000000001121208,0.2902544314342683,-239.20366609501053,-247.6033126417674,-8.399646546756856,0.11102687040004608,0.19654510356673,0.08551823316668392,0.058051428621218454,0.0019960079840319,0.02524469371853475,0.0019960079840319,0.19568916619398755,0.0998003992015968,42
M03,sub-M03_ses-20240623T100000_behavior+ecephys.nwb,RSC,1,RtoL,present_from_first_observed_traversals,25.249365975377785,-0.3414419424454813,1.0,detectable_transition,True,0.18687644548751658,0.10522488273134643,23.629244977440955,5.501771675614604,0.25579598019981087,-217.99854929315606,-224.4070318794731,-6.408482586317035,0.17225172483679002,0.27791271716822874,0.10566099233143872,0.06802520655790668,0.0019960079840319,0.04362764869697259,0.0019960079840319,0.5807471031520948,0.001996007984031936,42
M05,sub-M05_ses-20240729T100000_behavior+ecephys.nwb,CA1,1,LtoR,present_from_first_observed_traversals,22.11154899677538,-0.053889945227928004,1.0,present_from_first_observed_traversals,False,0.15261577789587596,0.08336560430923978,21.29935912461846,1.2886286063199428,0.37915792627531775,-268.6028449162183,-285.96009332785155,-17.357248411633236,0.16589873801391491,0.24128268408030826,0.07538394606639334,0.08979585879108361,0.0019960079840319,0.04746871649201531,0.0019960079840319,0.5024489795918367,0.001996007984031936,49
M05,sub-M05_ses-20240729T100000_behavior+ecephys.nwb,CA1,1,RtoL,present_from_first_observed_traversals,1.000000000000002,-0.23236702957907385,1.0,present_from_first_observed_traversals,False,-0.043164896735355986,0.26592892919638866,1.0000000000000002,8.784806999947637,0.4027114051921751,-278.7735457053883,-298.02593453165355,-19.252388826265246,0.10648376784860458,0.1870884438423085,0.08060467599370391,0.08681527457667301,0.0479041916167664,0.020584910691614708,0.0019960079840319,0.5339795918367346,0.001996007984031936,49
M05,sub-M05_ses-20240729T100000_behavior+ecephys.nwb,CA3,1,LtoR,present_from_first_observed_traversals,28.255346070955227,-0.0878343844726881,1.0,present_from_first_observed_traversals,False,0.1081146672959783,0.06916794388740938,32.15713745019594,7.178521218862201,0.22632110215058576,-300.3197203677873,-306.89303962218537,-6.573319254398086,0.11420398126699294,0.17456040303311182,0.060356421766118884,0.06762306402669105,0.0019960079840319,0.05284174254763755,0.0019960079840319,0.5027551020408163,0.001996007984031936,49
M05,sub-M05_ses-20240729T100000_behavior+ecephys.nwb,CA3,1,RtoL,present_from_first_observed_traversals,3.1772853084042363,0.06545777837904121,1.0,present_from_first_observed_traversals,False,0.06767343160999699,0.06093896188307138,3.7318229117131465,0.5000000257654438,0.10780851059007979,-328.0875732214462,-327.6772234869799,0.41034973446625145,0.09652860212770482,0.11469177160699565,0.018163169479290822,0.04972166494099363,0.0059880239520958,0.018334578440676937,0.0019960079840319,0.19979591836734692,0.06986027944111776,49
M05,sub-M05_ses-20240729T100000_behavior+ecephys.nwb,RSC,1,LtoR,present_from_first_observed_traversals,48.999999999147306,-0.09945375578560345,1.0,present_from_first_observed_traversals,False,0.11769217550462567,0.10462941479047279,48.99999999999999,10.332901637998196,0.06580572243331917,-275.1948492345031,-272.5303211992542,2.6645280352489067,0.13993183567047657,0.17136403144580475,0.03143219577532819,0.06610817423347905,0.0019960079840319,0.011893041665873447,0.0019960079840319,0.31,0.01996007984031936,49
M05,sub-M05_ses-20240729T100000_behavior+ecephys.nwb,RSC,1,RtoL,unresolved_nonmonotonic_or_weak,1.3075091954847426,-0.0754537121348462,1.0,unresolved_nonmonotonic_or_weak,False,0.11990418890235797,7.179339953022683e-14,12.127366572342048,29.999999999999645,-2.0650148258027912e-14,-306.0388187342365,-300.0388187342355,6.000000000000966,0.12793690213787076,0.08048253071497509,-0.04745437142289567,0.14268548337432874,0.0758483033932135,0.04549094726758874,0.0019960079840319,0.0060204081632653055,0.5269461077844312,49
M05,sub-M05_ses-20240730T100000_behavior+ecephys.nwb,CA1,1,LtoR,detectable_transition,6.60386994708273,-0.12732657212028675,1.0,detectable_transition,True,0.04907946407652506,0.2353619066707797,11.191318181920034,4.024141766537789,0.528720760554247,-173.61781811951562,-196.95769344695964,-23.33987532744402,0.0798083149540038,0.2476848081156105,0.1678764931616067,0.053169353610231444,0.0039920159680638,0.05551573311887224,0.0019960079840319,0.6410931174089068,0.001996007984031936,39
M05,sub-M05_ses-20240730T100000_behavior+ecephys.nwb,CA1,1,RtoL,detectable_transition,4.56436296170167,-0.25154196545557705,1.0,detectable_transition,True,0.06607582316644978,0.1997704305511492,12.077430439395869,4.8495185611349685,0.5599717942231384,-186.04117843734062,-211.23600354061182,-25.1948251032712,0.08125719300639599,0.26997383888712484,0.18871664588072884,0.06955145027954354,0.0259481037924151,0.05474783338374454,0.0159680638722554,0.7137542400700295,0.001996007984031936,38
M05,sub-M05_ses-20240730T100000_behavior+ecephys.nwb,CA3,1,LtoR,present_from_first_observed_traversals,1.000000000042275,-0.07223569269372843,1.0,present_from_first_observed_traversals,False,0.09749649031581806,0.1977623399495272,38.99999999966067,29.999999990637374,0.12924319098484105,-237.99041651030677,-237.3877259623943,0.6026905479124594,0.132997288038814,0.20772777527910752,0.07473048724029352,0.0816483130379872,0.0019960079840319,0.0454854713054963,0.0019960079840319,0.3856275303643725,0.015968063872255488,39
M05,sub-M05_ses-20240730T100000_behavior+ecephys.nwb,CA3,1,RtoL,present_from_first_observed_traversals,8.816826655775214,-0.23736249341089644,1.0,present_from_first_observed_traversals,False,0.12823392031796957,0.07167072123498047,13.052456819159355,1.3094439436452632,0.3047363582125946,-216.9177421033778,-224.72938035998416,-7.811638256606358,0.12262082226939561,0.19229890676523945,0.06967808449584384,0.09023567825325066,0.0079840319361277,0.05741522838383366,0.0019960079840319,0.48331327278695696,0.001996007984031936,38
M05,sub-M05_ses-20240730T100000_behavior+ecephys.nwb,RSC,1,LtoR,present_from_first_observed_traversals,6.689303054300116,-0.4258797131387839,1.0,present_from_first_observed_traversals,False,0.13156746956482004,0.10337928989439397,5.976650315170697,0.7022432369919385,0.15417094036226653,-190.8486627957812,-191.37874467714371,-0.5300818813625199,0.13955191317404353,0.20054372671100648,0.06099181353696295,0.060512489644005116,0.0019960079840319,0.03619881590848521,0.0019960079840319,0.17125506072874497,0.14570858283433133,39
M05,sub-M05_ses-20240730T100000_behavior+ecephys.nwb,RSC,1,RtoL,present_from_first_observed_traversals,27.952128120424703,-0.4974248797201186,1.0,present_from_first_observed_traversals,False,0.21579367040044897,0.04171387281271477,28.045606548165857,0.5000000007067814,0.06474630231675915,-199.29631023165956,-195.83993341060068,3.456376821058882,0.2329273959911124,0.24478587277544306,0.011858476784330663,0.1049764602472872,0.0019960079840319,0.045337621551570596,0.0019960079840319,0.04540978225188752,0.3712574850299401,38
M05,sub-M05_ses-20240731T100000_behavior+ecephys.nwb,CA1,1,LtoR,present_from_first_observed_traversals,30.587429750967363,-0.14401602202996955,1.0,present_from_first_observed_traversals,False,0.05581497623607093,0.0265501542710485,30.482587003543422,0.5000000000006793,0.04882968664287812,-268.2744024838146,-264.6273232408925,3.647079242922075,0.05348043116694914,0.04857943675383003,-0.004900994413119107,0.027489880866821387,0.0019960079840319,0.02700171780140699,0.0039920159680638,0.050416281221091576,0.3473053892215569,47
M05,sub-M05_ses-20240731T100000_behavior+ecephys.nwb,CA1,1,RtoL,present_from_first_observed_traversals,45.99999984742292,0.012957594422644547,1.0,present_from_first_observed_traversals,False,0.049967758165935086,1.348594166013353e-11,45.999999972668554,29.999999999999677,-1.0492273716522504e-11,-254.09681883235095,-248.0968188318683,6.0000000004826575,0.09418364823297769,-0.0040300705460399764,-0.09821371877901766,0.03827494942757868,0.0019960079840319,0.018931468327753588,0.0019960079840319,-0.3185322232500771,0.9960079840319361,46
M05,sub-M05_ses-20240731T100000_behavior+ecephys.nwb,CA3,1,LtoR,unresolved_nonmonotonic_or_weak,1.0000000000001985,-0.059805294968440226,1.0,unresolved_nonmonotonic_or_weak,False,0.0021060858255233616,0.05829465681454384,4.49239697439181,0.5000000000000017,0.1564531025940954,-304.9470548151143,-306.9436244731075,-1.9965696579931773,0.016223040166763108,0.06840421127928634,0.052181171112523225,0.03180421377107351,0.2694610778443114,0.01704793262450431,0.059880239520958,0.18142923219241444,0.11976047904191617,47
M05,sub-M05_ses-20240731T100000_behavior+ecephys.nwb,CA3,1,RtoL,present_from_first_observed_traversals,31.915627891324224,0.32503811584449394,1.0,present_from_first_observed_traversals,False,0.03629463661807899,0.021489094715453533,25.891203260913137,2.7596094469942267,0.08244639786080243,-313.541276345465,-311.49931317071713,2.0419631747478775,0.039570674296560415,0.037511598180501704,-0.002059076116058711,0.039369513716782815,0.0518962075848303,0.01508004186940342,0.0019960079840319,0.24156645081714462,0.06387225548902195,46
M05,sub-M05_ses-20240731T100000_behavior+ecephys.nwb,RSC,1,LtoR,unresolved_nonmonotonic_or_weak,3.832966978770908,-0.13945855968247356,1.0,unresolved_nonmonotonic_or_weak,False,-0.04855496387425843,0.0873257158555803,3.885895087879304,0.5000000000000001,0.09647102277407227,-252.56831814150476,-251.3363317132724,1.231986428232375,-0.01631190840772062,-0.012142043626493206,0.004169864781227415,0.022946156026391176,0.8642714570858283,0.028594547949669976,0.8502994011976048,-0.06591119333950046,0.6447105788423154,47
M05,sub-M05_ses-20240731T100000_behavior+ecephys.nwb,RSC,1,RtoL,present_from_first_observed_traversals,45.99999999949873,-0.18729584830361024,1.0,present_from_first_observed_traversals,False,0.032352451768143636,2.20591595339011e-18,1.0001126473063255,29.999997056063954,-1.3322676295501878e-15,-255.08163585356647,-249.08163585356635,6.000000000000114,0.07314469566990851,-0.03361206679071645,-0.10675676246062496,0.05021083812450604,0.0059880239520958,0.02343889084588654,0.0019960079840319,-0.37551649707061363,0.9960079840319361,46
