row_id,subject,file,block,direction,source,target,anatomical_direction,lag_same_direction_traversals,n_traversals_modeled,reduced_loocv_mse,full_loocv_mse,delta_mse_source_added,curve_circular_shift_p,n_unique_circular_shifts
0,M01,sub-M01_ses-20240312T100000_behavior+ecephys.nwb,1,LtoR,CA3,CA1,forward,0,19,0.7522722088888009,0.782475594964092,-0.03020338607529116,0.2777777777777778,17
1,M01,sub-M01_ses-20240312T100000_behavior+ecephys.nwb,1,LtoR,CA3,CA1,forward,1,19,0.7522722088888009,0.9110803215670176,-0.1588081126782167,0.9444444444444444,17
2,M01,sub-M01_ses-20240312T100000_behavior+ecephys.nwb,1,LtoR,CA1,CA3,reverse,0,19,1.320572766540779,1.1900982515192222,0.13047451502155671,0.16666666666666666,17
3,M01,sub-M01_ses-20240312T100000_behavior+ecephys.nwb,1,LtoR,CA1,CA3,reverse,1,19,1.320572766540779,1.5366502523631873,-0.21607748582240838,0.6666666666666666,17
4,M01,sub-M01_ses-20240312T100000_behavior+ecephys.nwb,1,LtoR,CA1,RSC,forward,0,19,1.52940987949021,1.404404399304215,0.125005480185995,0.1111111111111111,17
5,M01,sub-M01_ses-20240312T100000_behavior+ecephys.nwb,1,LtoR,CA1,RSC,forward,1,19,1.52940987949021,1.7822469128764191,-0.2528370333862091,0.7777777777777778,17
6,M01,sub-M01_ses-20240312T100000_behavior+ecephys.nwb,1,LtoR,RSC,CA1,reverse,0,19,0.7522722088888009,0.7096822447461638,0.04258996414263705,0.2222222222222222,17
7,M01,sub-M01_ses-20240312T100000_behavior+ecephys.nwb,1,LtoR,RSC,CA1,reverse,1,19,0.7522722088888009,0.7559340291530903,-0.003661820264289406,0.2777777777777778,17
8,M01,sub-M01_ses-20240312T100000_behavior+ecephys.nwb,1,RtoL,CA3,CA1,forward,0,19,1.216589442631432,1.5546795189491733,-0.33809007631774124,1.0,17
9,M01,sub-M01_ses-20240312T100000_behavior+ecephys.nwb,1,RtoL,CA3,CA1,forward,1,19,1.216589442631432,1.4179545185057487,-0.20136507587431662,0.9444444444444444,17
10,M01,sub-M01_ses-20240312T100000_behavior+ecephys.nwb,1,RtoL,CA1,CA3,reverse,0,19,1.372864560959437,1.6991281763735742,-0.3262636154141372,0.8888888888888888,17
11,M01,sub-M01_ses-20240312T100000_behavior+ecephys.nwb,1,RtoL,CA1,CA3,reverse,1,19,1.372864560959437,1.5383521000240112,-0.16548753906457425,0.7777777777777778,17
12,M01,sub-M01_ses-20240312T100000_behavior+ecephys.nwb,1,RtoL,CA1,RSC,forward,0,19,1.6657707150938008,1.5994354346483066,0.0663352804454942,0.3888888888888889,17
13,M01,sub-M01_ses-20240312T100000_behavior+ecephys.nwb,1,RtoL,CA1,RSC,forward,1,19,1.6657707150938008,1.7900871497827124,-0.12431643468891163,0.5555555555555556,17
14,M01,sub-M01_ses-20240312T100000_behavior+ecephys.nwb,1,RtoL,RSC,CA1,reverse,0,19,1.216589442631432,1.1699639323864899,0.046625510244942214,0.2222222222222222,17
15,M01,sub-M01_ses-20240312T100000_behavior+ecephys.nwb,1,RtoL,RSC,CA1,reverse,1,19,1.216589442631432,0.7507014012713188,0.4658880413601133,0.05555555555555555,17
16,M01,sub-M01_ses-20240313T100000_behavior+ecephys.nwb,1,LtoR,CA3,CA1,forward,0,19,1.429855732698868,1.3595159165310613,0.0703398161678066,0.2222222222222222,17
17,M01,sub-M01_ses-20240313T100000_behavior+ecephys.nwb,1,LtoR,CA3,CA1,forward,1,19,1.429855732698868,1.460504633839519,-0.030648901140650997,0.5,17
18,M01,sub-M01_ses-20240313T100000_behavior+ecephys.nwb,1,LtoR,CA1,CA3,reverse,0,19,0.982353093911328,0.9412910068442771,0.041062087067050834,0.3888888888888889,17
19,M01,sub-M01_ses-20240313T100000_behavior+ecephys.nwb,1,LtoR,CA1,CA3,reverse,1,19,0.982353093911328,0.9635488580112753,0.018804235900052646,0.4444444444444444,17
20,M01,sub-M01_ses-20240313T100000_behavior+ecephys.nwb,1,LtoR,CA1,RSC,forward,0,19,1.073054810492478,0.7961186449044042,0.27693616558807377,0.05555555555555555,17
21,M01,sub-M01_ses-20240313T100000_behavior+ecephys.nwb,1,LtoR,CA1,RSC,forward,1,19,1.073054810492478,0.9794462540525284,0.09360855643994959,0.05555555555555555,17
22,M01,sub-M01_ses-20240313T100000_behavior+ecephys.nwb,1,LtoR,RSC,CA1,reverse,0,19,1.429855732698868,1.1224148941310552,0.3074408385678127,0.05555555555555555,17
23,M01,sub-M01_ses-20240313T100000_behavior+ecephys.nwb,1,LtoR,RSC,CA1,reverse,1,19,1.429855732698868,1.5850847311978733,-0.1552289984990054,0.6666666666666666,17
24,M01,sub-M01_ses-20240313T100000_behavior+ecephys.nwb,1,RtoL,CA3,CA1,forward,0,19,1.2219388177546675,1.3447556438938029,-0.12281682613913536,0.5555555555555556,17
25,M01,sub-M01_ses-20240313T100000_behavior+ecephys.nwb,1,RtoL,CA3,CA1,forward,1,19,1.2219388177546675,1.3217613304765479,-0.09982251272188036,0.4444444444444444,17
26,M01,sub-M01_ses-20240313T100000_behavior+ecephys.nwb,1,RtoL,CA1,CA3,reverse,0,19,1.0015519846223209,1.103516151654424,-0.1019641670321032,0.4444444444444444,17
27,M01,sub-M01_ses-20240313T100000_behavior+ecephys.nwb,1,RtoL,CA1,CA3,reverse,1,19,1.0015519846223209,1.0994898882753625,-0.09793790365304167,0.5,17
28,M01,sub-M01_ses-20240313T100000_behavior+ecephys.nwb,1,RtoL,CA1,RSC,forward,0,19,1.5606359111371602,1.614282341877031,-0.05364643073987074,0.3333333333333333,17
29,M01,sub-M01_ses-20240313T100000_behavior+ecephys.nwb,1,RtoL,CA1,RSC,forward,1,19,1.5606359111371602,1.553106638896154,0.00752927224100608,0.2222222222222222,17
30,M01,sub-M01_ses-20240313T100000_behavior+ecephys.nwb,1,RtoL,RSC,CA1,reverse,0,19,1.2219388177546675,1.3140414414854518,-0.09210262373078426,0.5555555555555556,17
31,M01,sub-M01_ses-20240313T100000_behavior+ecephys.nwb,1,RtoL,RSC,CA1,reverse,1,19,1.2219388177546675,1.29520563608624,-0.07326681833157256,0.2777777777777778,17
32,M01,sub-M01_ses-20240314T100000_behavior+ecephys.nwb,1,LtoR,CA3,CA1,forward,0,19,2.5925228002788514,3.197722234520947,-0.6051994342420954,0.9444444444444444,17
33,M01,sub-M01_ses-20240314T100000_behavior+ecephys.nwb,1,LtoR,CA3,CA1,forward,1,19,2.5925228002788514,2.2536485195719287,0.3388742807069227,0.1111111111111111,17
34,M01,sub-M01_ses-20240314T100000_behavior+ecephys.nwb,1,LtoR,CA1,CA3,reverse,0,19,1.7221925203876787,2.1384909715891713,-0.41629845120149267,1.0,17
35,M01,sub-M01_ses-20240314T100000_behavior+ecephys.nwb,1,LtoR,CA1,CA3,reverse,1,19,1.7221925203876787,1.8246234300330102,-0.10243090964533152,0.4444444444444444,17
36,M01,sub-M01_ses-20240314T100000_behavior+ecephys.nwb,1,LtoR,CA1,RSC,forward,0,19,0.5553766413264337,0.6390490222027013,-0.0836723808762676,0.8888888888888888,17
37,M01,sub-M01_ses-20240314T100000_behavior+ecephys.nwb,1,LtoR,CA1,RSC,forward,1,19,0.5553766413264337,0.5507177804442304,0.004658860882203353,0.3333333333333333,17
38,M01,sub-M01_ses-20240314T100000_behavior+ecephys.nwb,1,LtoR,RSC,CA1,reverse,0,19,2.5925228002788514,2.862472033349556,-0.2699492330707045,0.6666666666666666,17
39,M01,sub-M01_ses-20240314T100000_behavior+ecephys.nwb,1,LtoR,RSC,CA1,reverse,1,19,2.5925228002788514,2.40818542782139,0.1843373724574615,0.2222222222222222,17
40,M01,sub-M01_ses-20240314T100000_behavior+ecephys.nwb,1,RtoL,CA3,CA1,forward,0,19,1.5552967280435774,1.8067782134579322,-0.2514814854143548,0.7222222222222222,17
41,M01,sub-M01_ses-20240314T100000_behavior+ecephys.nwb,1,RtoL,CA3,CA1,forward,1,19,1.5552967280435774,1.935909816266608,-0.3806130882230305,0.8333333333333334,17
42,M01,sub-M01_ses-20240314T100000_behavior+ecephys.nwb,1,RtoL,CA1,CA3,reverse,0,19,1.3234843281239979,1.43963205477513,-0.11614772665113215,0.6111111111111112,17
43,M01,sub-M01_ses-20240314T100000_behavior+ecephys.nwb,1,RtoL,CA1,CA3,reverse,1,19,1.3234843281239979,1.4281938499969227,-0.10470952187292482,0.5,17
44,M01,sub-M01_ses-20240314T100000_behavior+ecephys.nwb,1,RtoL,CA1,RSC,forward,0,19,1.4201434901245835,1.6887851906281641,-0.2686417005035806,0.7222222222222222,17
45,M01,sub-M01_ses-20240314T100000_behavior+ecephys.nwb,1,RtoL,CA1,RSC,forward,1,19,1.4201434901245835,1.5779096582961416,-0.15776616817155809,0.5555555555555556,17
46,M01,sub-M01_ses-20240314T100000_behavior+ecephys.nwb,1,RtoL,RSC,CA1,reverse,0,19,1.5552967280435774,1.8648029596713858,-0.3095062316278083,0.7222222222222222,17
47,M01,sub-M01_ses-20240314T100000_behavior+ecephys.nwb,1,RtoL,RSC,CA1,reverse,1,19,1.5552967280435774,1.944307453331349,-0.3890107252877715,1.0,17
48,M02,sub-M02_ses-20240312T100000_behavior+ecephys.nwb,1,LtoR,CA3,CA1,forward,0,19,2.3644732550501537,3.0535245761877947,-0.689051321137641,0.8333333333333334,17
49,M02,sub-M02_ses-20240312T100000_behavior+ecephys.nwb,1,LtoR,CA3,CA1,forward,1,19,2.3644732550501537,2.7487982921600818,-0.38432503710992805,0.7222222222222222,17
50,M02,sub-M02_ses-20240312T100000_behavior+ecephys.nwb,1,LtoR,CA1,CA3,reverse,0,19,3.4384048470223108,4.356256284994415,-0.9178514379721041,0.7222222222222222,17
51,M02,sub-M02_ses-20240312T100000_behavior+ecephys.nwb,1,LtoR,CA1,CA3,reverse,1,19,3.4384048470223108,3.272142791482912,0.16626205553939855,0.3888888888888889,17
52,M02,sub-M02_ses-20240312T100000_behavior+ecephys.nwb,1,LtoR,CA1,RSC,forward,0,19,5.899000439530276,6.77254179717692,-0.8735413576466442,0.7222222222222222,17
53,M02,sub-M02_ses-20240312T100000_behavior+ecephys.nwb,1,LtoR,CA1,RSC,forward,1,19,5.899000439530276,5.502326336239412,0.39667410329086383,0.3333333333333333,17
54,M02,sub-M02_ses-20240312T100000_behavior+ecephys.nwb,1,LtoR,RSC,CA1,reverse,0,19,2.3644732550501537,2.590891392844725,-0.2264181377945711,0.5,17
55,M02,sub-M02_ses-20240312T100000_behavior+ecephys.nwb,1,LtoR,RSC,CA1,reverse,1,19,2.3644732550501537,2.8451157589810143,-0.4806425039308606,0.7222222222222222,17
56,M02,sub-M02_ses-20240312T100000_behavior+ecephys.nwb,1,RtoL,CA3,CA1,forward,0,19,0.8354389181683026,0.934939919122957,-0.09950100095465442,0.7777777777777778,17
57,M02,sub-M02_ses-20240312T100000_behavior+ecephys.nwb,1,RtoL,CA3,CA1,forward,1,19,0.8354389181683026,0.8664794465871016,-0.031040528418799007,0.6111111111111112,17
58,M02,sub-M02_ses-20240312T100000_behavior+ecephys.nwb,1,RtoL,CA1,CA3,reverse,0,19,1.4169619498409798,1.5729439400871528,-0.15598199024617299,0.3333333333333333,17
59,M02,sub-M02_ses-20240312T100000_behavior+ecephys.nwb,1,RtoL,CA1,CA3,reverse,1,19,1.4169619498409798,1.09112813458598,0.32583381525499977,0.05555555555555555,17
60,M02,sub-M02_ses-20240312T100000_behavior+ecephys.nwb,1,RtoL,CA1,RSC,forward,0,19,1.2730835170224615,1.218792697312622,0.05429081970983951,0.2222222222222222,17
61,M02,sub-M02_ses-20240312T100000_behavior+ecephys.nwb,1,RtoL,CA1,RSC,forward,1,19,1.2730835170224615,1.3067602931810332,-0.033676776158571675,0.2777777777777778,17
62,M02,sub-M02_ses-20240312T100000_behavior+ecephys.nwb,1,RtoL,RSC,CA1,reverse,0,19,0.8354389181683026,0.8143462051785156,0.021092712989786988,0.2222222222222222,17
63,M02,sub-M02_ses-20240312T100000_behavior+ecephys.nwb,1,RtoL,RSC,CA1,reverse,1,19,0.8354389181683026,0.8313151487017418,0.004123769466560789,0.16666666666666666,17
64,M02,sub-M02_ses-20240313T100000_behavior+ecephys.nwb,1,LtoR,CA3,CA1,forward,0,19,1.2614972140977567,0.9450277834634235,0.3164694306343332,0.05555555555555555,17
65,M02,sub-M02_ses-20240313T100000_behavior+ecephys.nwb,1,LtoR,CA3,CA1,forward,1,19,1.2614972140977567,1.2870456021535759,-0.02554838805581916,0.2777777777777778,17
66,M02,sub-M02_ses-20240313T100000_behavior+ecephys.nwb,1,LtoR,CA1,CA3,reverse,0,19,1.8228191451518594,1.1531389565883006,0.6696801885635588,0.05555555555555555,17
67,M02,sub-M02_ses-20240313T100000_behavior+ecephys.nwb,1,LtoR,CA1,CA3,reverse,1,19,1.8228191451518594,1.9701758003922134,-0.14735665524035402,0.4444444444444444,17
68,M02,sub-M02_ses-20240313T100000_behavior+ecephys.nwb,1,LtoR,CA1,RSC,forward,0,19,1.2538937458395114,1.3964488975470588,-0.1425551517075474,0.5555555555555556,17
69,M02,sub-M02_ses-20240313T100000_behavior+ecephys.nwb,1,LtoR,CA1,RSC,forward,1,19,1.2538937458395114,1.3206277221382599,-0.06673397629874844,0.3333333333333333,17
70,M02,sub-M02_ses-20240313T100000_behavior+ecephys.nwb,1,LtoR,RSC,CA1,reverse,0,19,1.2614972140977567,1.239421369848574,0.02207584424918263,0.2222222222222222,17
71,M02,sub-M02_ses-20240313T100000_behavior+ecephys.nwb,1,LtoR,RSC,CA1,reverse,1,19,1.2614972140977567,1.3570007328993228,-0.09550351880156605,0.7777777777777778,17
72,M02,sub-M02_ses-20240313T100000_behavior+ecephys.nwb,1,RtoL,CA3,CA1,forward,0,19,1.5715104538025828,1.6619067155496672,-0.09039626174708437,0.2777777777777778,17
73,M02,sub-M02_ses-20240313T100000_behavior+ecephys.nwb,1,RtoL,CA3,CA1,forward,1,19,1.5715104538025828,1.3938413442418205,0.17766910956076232,0.1111111111111111,17
74,M02,sub-M02_ses-20240313T100000_behavior+ecephys.nwb,1,RtoL,CA1,CA3,reverse,0,19,1.9926999767397964,1.8279832144266002,0.1647167623131962,0.1111111111111111,17
75,M02,sub-M02_ses-20240313T100000_behavior+ecephys.nwb,1,RtoL,CA1,CA3,reverse,1,19,1.9926999767397964,2.14318409480261,-0.1504841180628136,0.5,17
76,M02,sub-M02_ses-20240313T100000_behavior+ecephys.nwb,1,RtoL,CA1,RSC,forward,0,19,1.8049942338858294,1.912729927174203,-0.10773569328837374,0.3888888888888889,17
77,M02,sub-M02_ses-20240313T100000_behavior+ecephys.nwb,1,RtoL,CA1,RSC,forward,1,19,1.8049942338858294,1.8974987048034886,-0.09250447091765923,0.4444444444444444,17
78,M02,sub-M02_ses-20240313T100000_behavior+ecephys.nwb,1,RtoL,RSC,CA1,reverse,0,19,1.5715104538025828,1.696303979816171,-0.12479352601358817,0.4444444444444444,17
79,M02,sub-M02_ses-20240313T100000_behavior+ecephys.nwb,1,RtoL,RSC,CA1,reverse,1,19,1.5715104538025828,1.8289567267571447,-0.2574462729545619,0.7777777777777778,17
80,M02,sub-M02_ses-20240314T100000_behavior+ecephys.nwb,1,LtoR,CA3,CA1,forward,0,19,0.6056253458454602,0.6998962204140979,-0.0942708745686377,0.7222222222222222,17
81,M02,sub-M02_ses-20240314T100000_behavior+ecephys.nwb,1,LtoR,CA3,CA1,forward,1,19,0.6056253458454602,0.6528759750869036,-0.04725062924144341,0.4444444444444444,17
82,M02,sub-M02_ses-20240314T100000_behavior+ecephys.nwb,1,LtoR,CA1,CA3,reverse,0,19,1.7497315283375965,2.0878943536531573,-0.33816282531556086,0.8333333333333334,17
83,M02,sub-M02_ses-20240314T100000_behavior+ecephys.nwb,1,LtoR,CA1,CA3,reverse,1,19,1.7497315283375965,2.036158148364303,-0.2864266200267065,0.7222222222222222,17
84,M02,sub-M02_ses-20240314T100000_behavior+ecephys.nwb,1,LtoR,CA1,RSC,forward,0,19,1.5236297155466254,1.425943325388445,0.09768639015818037,0.16666666666666666,17
85,M02,sub-M02_ses-20240314T100000_behavior+ecephys.nwb,1,LtoR,CA1,RSC,forward,1,19,1.5236297155466254,1.6361954431867776,-0.11256572764015216,0.4444444444444444,17
86,M02,sub-M02_ses-20240314T100000_behavior+ecephys.nwb,1,LtoR,RSC,CA1,reverse,0,19,0.6056253458454602,0.6931519363268626,-0.08752659048140232,0.6111111111111112,17
87,M02,sub-M02_ses-20240314T100000_behavior+ecephys.nwb,1,LtoR,RSC,CA1,reverse,1,19,0.6056253458454602,0.26630380386120067,0.33932154198425957,0.05555555555555555,17
88,M02,sub-M02_ses-20240314T100000_behavior+ecephys.nwb,1,RtoL,CA3,CA1,forward,0,19,3.119748354334851,3.039581457514289,0.080166896820562,0.2777777777777778,17
89,M02,sub-M02_ses-20240314T100000_behavior+ecephys.nwb,1,RtoL,CA3,CA1,forward,1,19,3.119748354334851,3.4328980009181937,-0.31314964658334254,0.4444444444444444,17
90,M02,sub-M02_ses-20240314T100000_behavior+ecephys.nwb,1,RtoL,CA1,CA3,reverse,0,19,1.2286332971756113,1.600956432691449,-0.3723231355158376,0.8888888888888888,17
91,M02,sub-M02_ses-20240314T100000_behavior+ecephys.nwb,1,RtoL,CA1,CA3,reverse,1,19,1.2286332971756113,1.447913146050076,-0.21927984887446472,0.5555555555555556,17
92,M02,sub-M02_ses-20240314T100000_behavior+ecephys.nwb,1,RtoL,CA1,RSC,forward,0,19,3.494966132490464,3.9729567272138104,-0.47799059472334626,0.7777777777777778,17
93,M02,sub-M02_ses-20240314T100000_behavior+ecephys.nwb,1,RtoL,CA1,RSC,forward,1,19,3.494966132490464,2.579001267092516,0.9159648653979482,0.05555555555555555,17
94,M02,sub-M02_ses-20240314T100000_behavior+ecephys.nwb,1,RtoL,RSC,CA1,reverse,0,19,3.119748354334851,3.484275347670939,-0.36452699333608773,0.4444444444444444,17
95,M02,sub-M02_ses-20240314T100000_behavior+ecephys.nwb,1,RtoL,RSC,CA1,reverse,1,19,3.119748354334851,3.2650558424522087,-0.1453074881173575,0.3333333333333333,17
96,M03,sub-M03_ses-20240621T100000_behavior+ecephys.nwb,1,LtoR,CA3,CA1,forward,0,19,0.47226462673170166,0.4463285273684107,0.025936099363290943,0.05555555555555555,17
97,M03,sub-M03_ses-20240621T100000_behavior+ecephys.nwb,1,LtoR,CA3,CA1,forward,1,19,0.47226462673170166,0.527466600110507,-0.05520197337880528,0.6111111111111112,17
98,M03,sub-M03_ses-20240621T100000_behavior+ecephys.nwb,1,LtoR,CA1,CA3,reverse,0,19,1.4158738872565584,1.4483233257640462,-0.03244943850748783,0.5555555555555556,17
99,M03,sub-M03_ses-20240621T100000_behavior+ecephys.nwb,1,LtoR,CA1,CA3,reverse,1,19,1.4158738872565584,1.4652001435786821,-0.04932625632212373,0.5555555555555556,17
100,M03,sub-M03_ses-20240621T100000_behavior+ecephys.nwb,1,LtoR,CA1,RSC,forward,0,19,0.5598128436170162,0.4827187246672388,0.07709411894977741,0.05555555555555555,17
101,M03,sub-M03_ses-20240621T100000_behavior+ecephys.nwb,1,LtoR,CA1,RSC,forward,1,19,0.5598128436170162,0.5643263373228439,-0.004513493705827654,0.2222222222222222,17
102,M03,sub-M03_ses-20240621T100000_behavior+ecephys.nwb,1,LtoR,RSC,CA1,reverse,0,19,0.47226462673170166,0.4637711891550479,0.008493437576653773,0.2777777777777778,17
103,M03,sub-M03_ses-20240621T100000_behavior+ecephys.nwb,1,LtoR,RSC,CA1,reverse,1,19,0.47226462673170166,0.4951633579966687,-0.022898731264967054,0.7777777777777778,17
104,M03,sub-M03_ses-20240621T100000_behavior+ecephys.nwb,1,RtoL,CA3,CA1,forward,0,19,0.6569476976632312,0.4458832238567124,0.21106447380651883,0.05555555555555555,17
105,M03,sub-M03_ses-20240621T100000_behavior+ecephys.nwb,1,RtoL,CA3,CA1,forward,1,19,0.6569476976632312,0.7227743045247761,-0.06582660686154485,0.6111111111111112,17
106,M03,sub-M03_ses-20240621T100000_behavior+ecephys.nwb,1,RtoL,CA1,CA3,reverse,0,19,1.5862455577777201,1.007166981867121,0.5790785759105992,0.05555555555555555,17
107,M03,sub-M03_ses-20240621T100000_behavior+ecephys.nwb,1,RtoL,CA1,CA3,reverse,1,19,1.5862455577777201,1.7281563554062422,-0.1419107976285221,0.2222222222222222,17
108,M03,sub-M03_ses-20240621T100000_behavior+ecephys.nwb,1,RtoL,CA1,RSC,forward,0,19,1.109526487588031,0.9185695320194239,0.19095695556860715,0.16666666666666666,17
109,M03,sub-M03_ses-20240621T100000_behavior+ecephys.nwb,1,RtoL,CA1,RSC,forward,1,19,1.109526487588031,1.2129551710068134,-0.10342868341878231,0.5,17
110,M03,sub-M03_ses-20240621T100000_behavior+ecephys.nwb,1,RtoL,RSC,CA1,reverse,0,19,0.6569476976632312,0.4980234943303646,0.15892420333286666,0.05555555555555555,17
111,M03,sub-M03_ses-20240621T100000_behavior+ecephys.nwb,1,RtoL,RSC,CA1,reverse,1,19,0.6569476976632312,0.635408751918466,0.021538945744765225,0.2777777777777778,17
112,M03,sub-M03_ses-20240622T100000_behavior+ecephys.nwb,1,LtoR,CA3,CA1,forward,0,19,3.5926902897604647,3.874234554889436,-0.28154426512897146,0.6666666666666666,17
113,M03,sub-M03_ses-20240622T100000_behavior+ecephys.nwb,1,LtoR,CA3,CA1,forward,1,19,3.5926902897604647,3.637187879889159,-0.04449759012869414,0.4444444444444444,17
114,M03,sub-M03_ses-20240622T100000_behavior+ecephys.nwb,1,LtoR,CA1,CA3,reverse,0,19,2.2019459922759466,3.24193048736286,-1.0399844950869133,1.0,17
115,M03,sub-M03_ses-20240622T100000_behavior+ecephys.nwb,1,LtoR,CA1,CA3,reverse,1,19,2.2019459922759466,2.2622670435577756,-0.060321051281829074,0.3888888888888889,17
116,M03,sub-M03_ses-20240622T100000_behavior+ecephys.nwb,1,LtoR,CA1,RSC,forward,0,19,3.055787061342552,0.665979216286649,2.389807845055903,0.05555555555555555,17
117,M03,sub-M03_ses-20240622T100000_behavior+ecephys.nwb,1,LtoR,CA1,RSC,forward,1,19,3.055787061342552,2.7495894032308303,0.3061976581117216,0.3888888888888889,17
118,M03,sub-M03_ses-20240622T100000_behavior+ecephys.nwb,1,LtoR,RSC,CA1,reverse,0,19,3.5926902897604647,1.0275589063580777,2.565131383402387,0.05555555555555555,17
119,M03,sub-M03_ses-20240622T100000_behavior+ecephys.nwb,1,LtoR,RSC,CA1,reverse,1,19,3.5926902897604647,2.7328725134492293,0.8598177763112353,0.16666666666666666,17
120,M03,sub-M03_ses-20240622T100000_behavior+ecephys.nwb,1,RtoL,CA3,CA1,forward,0,19,0.8405095450516411,0.8040982086689471,0.036411336382694004,0.2777777777777778,17
121,M03,sub-M03_ses-20240622T100000_behavior+ecephys.nwb,1,RtoL,CA3,CA1,forward,1,19,0.8405095450516411,0.9357315566469635,-0.0952220115953224,0.7222222222222222,17
122,M03,sub-M03_ses-20240622T100000_behavior+ecephys.nwb,1,RtoL,CA1,CA3,reverse,0,19,1.6261022128516753,1.2522763303772944,0.373825882474381,0.1111111111111111,17
123,M03,sub-M03_ses-20240622T100000_behavior+ecephys.nwb,1,RtoL,CA1,CA3,reverse,1,19,1.6261022128516753,1.4363466814777126,0.18975553137396273,0.2222222222222222,17
124,M03,sub-M03_ses-20240622T100000_behavior+ecephys.nwb,1,RtoL,CA1,RSC,forward,0,19,1.205383401385177,1.1831029749089492,0.022280426476227744,0.3333333333333333,17
125,M03,sub-M03_ses-20240622T100000_behavior+ecephys.nwb,1,RtoL,CA1,RSC,forward,1,19,1.205383401385177,1.3369701690755773,-0.13158676769040034,0.7222222222222222,17
126,M03,sub-M03_ses-20240622T100000_behavior+ecephys.nwb,1,RtoL,RSC,CA1,reverse,0,19,0.8405095450516411,0.639793361033401,0.2007161840182401,0.1111111111111111,17
127,M03,sub-M03_ses-20240622T100000_behavior+ecephys.nwb,1,RtoL,RSC,CA1,reverse,1,19,0.8405095450516411,0.8077478470740204,0.03276169797762074,0.2222222222222222,17
128,M03,sub-M03_ses-20240623T100000_behavior+ecephys.nwb,1,LtoR,CA3,CA1,forward,0,19,0.7890845608204333,0.8594985973822779,-0.07041403656184453,0.5,17
129,M03,sub-M03_ses-20240623T100000_behavior+ecephys.nwb,1,LtoR,CA3,CA1,forward,1,19,0.7890845608204333,0.8771999312971627,-0.08811537047672935,0.6666666666666666,17
130,M03,sub-M03_ses-20240623T100000_behavior+ecephys.nwb,1,LtoR,CA1,CA3,reverse,0,19,1.3379404287231993,1.5622489063197584,-0.22430847759655914,1.0,17
131,M03,sub-M03_ses-20240623T100000_behavior+ecephys.nwb,1,LtoR,CA1,CA3,reverse,1,19,1.3379404287231993,1.67070851460162,-0.33276808587842077,1.0,17
132,M03,sub-M03_ses-20240623T100000_behavior+ecephys.nwb,1,LtoR,CA1,RSC,forward,0,19,1.613969768117924,1.6614491464568257,-0.04747937833890181,0.3333333333333333,17
133,M03,sub-M03_ses-20240623T100000_behavior+ecephys.nwb,1,LtoR,CA1,RSC,forward,1,19,1.613969768117924,1.8068690008238317,-0.1928992327059078,0.8333333333333334,17
134,M03,sub-M03_ses-20240623T100000_behavior+ecephys.nwb,1,LtoR,RSC,CA1,reverse,0,19,0.7890845608204333,0.7139276645767018,0.07515689624373156,0.2222222222222222,17
135,M03,sub-M03_ses-20240623T100000_behavior+ecephys.nwb,1,LtoR,RSC,CA1,reverse,1,19,0.7890845608204333,0.6815843749558983,0.10750018586453503,0.16666666666666666,17
136,M03,sub-M03_ses-20240623T100000_behavior+ecephys.nwb,1,RtoL,CA3,CA1,forward,0,19,0.5563535138445524,0.3390234430878854,0.21733007075666705,0.1111111111111111,17
137,M03,sub-M03_ses-20240623T100000_behavior+ecephys.nwb,1,RtoL,CA3,CA1,forward,1,19,0.5563535138445524,0.457346313547147,0.09900720029740545,0.1111111111111111,17
138,M03,sub-M03_ses-20240623T100000_behavior+ecephys.nwb,1,RtoL,CA1,CA3,reverse,0,19,1.1006193752545919,0.8953469982655328,0.2052723769890591,0.1111111111111111,17
139,M03,sub-M03_ses-20240623T100000_behavior+ecephys.nwb,1,RtoL,CA1,CA3,reverse,1,19,1.1006193752545919,1.516960374892833,-0.4163409996382412,1.0,17
140,M03,sub-M03_ses-20240623T100000_behavior+ecephys.nwb,1,RtoL,CA1,RSC,forward,0,19,0.5946034228060405,0.4468420064498849,0.14776141635615558,0.05555555555555555,17
141,M03,sub-M03_ses-20240623T100000_behavior+ecephys.nwb,1,RtoL,CA1,RSC,forward,1,19,0.5946034228060405,0.6401940427791251,-0.045590619973084556,0.3888888888888889,17
142,M03,sub-M03_ses-20240623T100000_behavior+ecephys.nwb,1,RtoL,RSC,CA1,reverse,0,19,0.5563535138445524,0.37809080098222364,0.1782627128623288,0.1111111111111111,17
143,M03,sub-M03_ses-20240623T100000_behavior+ecephys.nwb,1,RtoL,RSC,CA1,reverse,1,19,0.5563535138445524,0.5900715247634415,-0.03371801091888904,0.5,17
144,M05,sub-M05_ses-20240729T100000_behavior+ecephys.nwb,1,LtoR,CA3,CA1,forward,0,19,2.318528902463581,1.1871901471060704,1.1313387553575105,0.05555555555555555,17
145,M05,sub-M05_ses-20240729T100000_behavior+ecephys.nwb,1,LtoR,CA3,CA1,forward,1,19,2.318528902463581,2.466119642235137,-0.14759073977155612,0.6666666666666666,17
146,M05,sub-M05_ses-20240729T100000_behavior+ecephys.nwb,1,LtoR,CA1,CA3,reverse,0,19,3.323734721854569,2.090239636618992,1.2334950852355768,0.1111111111111111,17
147,M05,sub-M05_ses-20240729T100000_behavior+ecephys.nwb,1,LtoR,CA1,CA3,reverse,1,19,3.323734721854569,3.1943763922630777,0.1293583295914913,0.4444444444444444,17
148,M05,sub-M05_ses-20240729T100000_behavior+ecephys.nwb,1,LtoR,CA1,RSC,forward,0,19,2.866783894918119,1.9797440273601514,0.8870398675579676,0.05555555555555555,17
149,M05,sub-M05_ses-20240729T100000_behavior+ecephys.nwb,1,LtoR,CA1,RSC,forward,1,19,2.866783894918119,3.3135001530411445,-0.4467162581230255,0.7777777777777778,17
150,M05,sub-M05_ses-20240729T100000_behavior+ecephys.nwb,1,LtoR,RSC,CA1,reverse,0,19,2.318528902463581,1.5632900015630178,0.7552389009005631,0.1111111111111111,17
151,M05,sub-M05_ses-20240729T100000_behavior+ecephys.nwb,1,LtoR,RSC,CA1,reverse,1,19,2.318528902463581,2.542712098003704,-0.22418319554012323,0.7222222222222222,17
152,M05,sub-M05_ses-20240729T100000_behavior+ecephys.nwb,1,RtoL,CA3,CA1,forward,0,19,1.4026418680202661,1.8734391886764494,-0.4707973206561833,1.0,17
153,M05,sub-M05_ses-20240729T100000_behavior+ecephys.nwb,1,RtoL,CA3,CA1,forward,1,19,1.4026418680202661,1.9571613848169567,-0.5545195167966905,1.0,17
154,M05,sub-M05_ses-20240729T100000_behavior+ecephys.nwb,1,RtoL,CA1,CA3,reverse,0,19,1.2235929220019264,1.4568004976007871,-0.23320757559886074,0.9444444444444444,17
155,M05,sub-M05_ses-20240729T100000_behavior+ecephys.nwb,1,RtoL,CA1,CA3,reverse,1,19,1.2235929220019264,1.537171824337912,-0.3135789023359856,1.0,17
156,M05,sub-M05_ses-20240729T100000_behavior+ecephys.nwb,1,RtoL,CA1,RSC,forward,0,19,1.6281221972944586,1.122147793226532,0.5059744040679266,0.05555555555555555,17
157,M05,sub-M05_ses-20240729T100000_behavior+ecephys.nwb,1,RtoL,CA1,RSC,forward,1,19,1.6281221972944586,1.6564350671053123,-0.02831286981085368,0.2777777777777778,17
158,M05,sub-M05_ses-20240729T100000_behavior+ecephys.nwb,1,RtoL,RSC,CA1,reverse,0,19,1.4026418680202661,1.0294708420434167,0.3731710259768495,0.05555555555555555,17
159,M05,sub-M05_ses-20240729T100000_behavior+ecephys.nwb,1,RtoL,RSC,CA1,reverse,1,19,1.4026418680202661,1.4286974111827373,-0.026055543162471162,0.16666666666666666,17
160,M05,sub-M05_ses-20240730T100000_behavior+ecephys.nwb,1,LtoR,CA3,CA1,forward,0,19,3.431025913256075,3.62376708401585,-0.1927411707597746,0.4444444444444444,17
161,M05,sub-M05_ses-20240730T100000_behavior+ecephys.nwb,1,LtoR,CA3,CA1,forward,1,19,3.431025913256075,2.6970663886155832,0.733959524640492,0.1111111111111111,17
162,M05,sub-M05_ses-20240730T100000_behavior+ecephys.nwb,1,LtoR,CA1,CA3,reverse,0,19,1.6943608201341527,1.2509206977086682,0.4434401224254845,0.05555555555555555,17
163,M05,sub-M05_ses-20240730T100000_behavior+ecephys.nwb,1,LtoR,CA1,CA3,reverse,1,19,1.6943608201341527,0.7055300468490631,0.9888307732850896,0.05555555555555555,17
164,M05,sub-M05_ses-20240730T100000_behavior+ecephys.nwb,1,LtoR,CA1,RSC,forward,0,19,2.536931351008363,1.0391141073293744,1.4978172436789885,0.05555555555555555,17
165,M05,sub-M05_ses-20240730T100000_behavior+ecephys.nwb,1,LtoR,CA1,RSC,forward,1,19,2.536931351008363,2.7714509919813155,-0.23451964097295264,0.6111111111111112,17
166,M05,sub-M05_ses-20240730T100000_behavior+ecephys.nwb,1,LtoR,RSC,CA1,reverse,0,19,3.431025913256075,2.159297929422699,1.2717279838333764,0.05555555555555555,17
167,M05,sub-M05_ses-20240730T100000_behavior+ecephys.nwb,1,LtoR,RSC,CA1,reverse,1,19,3.431025913256075,3.691569622364154,-0.26054370910807867,0.6111111111111112,17
168,M05,sub-M05_ses-20240730T100000_behavior+ecephys.nwb,1,RtoL,CA3,CA1,forward,0,19,0.8691023006671944,1.0326015161523252,-0.1634992154851308,0.7777777777777778,17
169,M05,sub-M05_ses-20240730T100000_behavior+ecephys.nwb,1,RtoL,CA3,CA1,forward,1,19,0.8691023006671944,0.7887618621219155,0.08034043854527895,0.1111111111111111,17
170,M05,sub-M05_ses-20240730T100000_behavior+ecephys.nwb,1,RtoL,CA1,CA3,reverse,0,19,2.2701303860549,2.4693029642743385,-0.19917257821943846,0.5,17
171,M05,sub-M05_ses-20240730T100000_behavior+ecephys.nwb,1,RtoL,CA1,CA3,reverse,1,19,2.2701303860549,2.548690811075326,-0.2785604250204261,0.6666666666666666,17
172,M05,sub-M05_ses-20240730T100000_behavior+ecephys.nwb,1,RtoL,CA1,RSC,forward,0,19,1.5285516060455777,1.8095497724182632,-0.2809981663726855,0.7222222222222222,17
173,M05,sub-M05_ses-20240730T100000_behavior+ecephys.nwb,1,RtoL,CA1,RSC,forward,1,19,1.5285516060455777,1.567213181255527,-0.038661575209949284,0.1111111111111111,17
174,M05,sub-M05_ses-20240730T100000_behavior+ecephys.nwb,1,RtoL,RSC,CA1,reverse,0,19,0.8691023006671944,1.0282741655269996,-0.15917186485980517,0.7777777777777778,17
175,M05,sub-M05_ses-20240730T100000_behavior+ecephys.nwb,1,RtoL,RSC,CA1,reverse,1,19,0.8691023006671944,1.0895996677616293,-0.2204973670944349,1.0,17
176,M05,sub-M05_ses-20240731T100000_behavior+ecephys.nwb,1,LtoR,CA3,CA1,forward,0,19,2.2111955192985877,2.284625975271491,-0.0734304559729031,0.3333333333333333,17
177,M05,sub-M05_ses-20240731T100000_behavior+ecephys.nwb,1,LtoR,CA3,CA1,forward,1,19,2.2111955192985877,2.122680109520385,0.0885154097782026,0.2222222222222222,17
178,M05,sub-M05_ses-20240731T100000_behavior+ecephys.nwb,1,LtoR,CA1,CA3,reverse,0,19,1.5833080325186384,1.6279776428625308,-0.044669610343892385,0.3888888888888889,17
179,M05,sub-M05_ses-20240731T100000_behavior+ecephys.nwb,1,LtoR,CA1,CA3,reverse,1,19,1.5833080325186384,1.6061977890902388,-0.022889756571600417,0.4444444444444444,17
180,M05,sub-M05_ses-20240731T100000_behavior+ecephys.nwb,1,LtoR,CA1,RSC,forward,0,19,1.7333360275859206,1.0083501867040683,0.7249858408818524,0.05555555555555555,17
181,M05,sub-M05_ses-20240731T100000_behavior+ecephys.nwb,1,LtoR,CA1,RSC,forward,1,19,1.7333360275859206,1.4950555831579724,0.23828044442794827,0.3333333333333333,17
182,M05,sub-M05_ses-20240731T100000_behavior+ecephys.nwb,1,LtoR,RSC,CA1,reverse,0,19,2.2111955192985877,1.4742278123763821,0.7369677069222056,0.1111111111111111,17
183,M05,sub-M05_ses-20240731T100000_behavior+ecephys.nwb,1,LtoR,RSC,CA1,reverse,1,19,2.2111955192985877,2.31210339222252,-0.10090787292393211,0.6111111111111112,17
184,M05,sub-M05_ses-20240731T100000_behavior+ecephys.nwb,1,RtoL,CA3,CA1,forward,0,19,1.2558944405724481,1.245938843354412,0.009955597218036072,0.2222222222222222,17
185,M05,sub-M05_ses-20240731T100000_behavior+ecephys.nwb,1,RtoL,CA3,CA1,forward,1,19,1.2558944405724481,1.3985640962632053,-0.14266965569075718,0.7222222222222222,17
186,M05,sub-M05_ses-20240731T100000_behavior+ecephys.nwb,1,RtoL,CA1,CA3,reverse,0,19,1.07870511272044,1.1471042188627938,-0.0683991061423539,0.4444444444444444,17
187,M05,sub-M05_ses-20240731T100000_behavior+ecephys.nwb,1,RtoL,CA1,CA3,reverse,1,19,1.07870511272044,0.856429307348009,0.22227580537243086,0.1111111111111111,17
188,M05,sub-M05_ses-20240731T100000_behavior+ecephys.nwb,1,RtoL,CA1,RSC,forward,0,19,0.8454948786728744,1.014328964202423,-0.16883408552954848,0.8333333333333334,17
189,M05,sub-M05_ses-20240731T100000_behavior+ecephys.nwb,1,RtoL,CA1,RSC,forward,1,19,0.8454948786728744,0.9273765039231453,-0.08188162525027087,0.6111111111111112,17
190,M05,sub-M05_ses-20240731T100000_behavior+ecephys.nwb,1,RtoL,RSC,CA1,reverse,0,19,1.2558944405724481,1.4657590377636984,-0.20986459719125028,0.4444444444444444,17
191,M05,sub-M05_ses-20240731T100000_behavior+ecephys.nwb,1,RtoL,RSC,CA1,reverse,1,19,1.2558944405724481,1.5012773114788203,-0.24538287090637212,0.7222222222222222,17
