asset_id,subject,path,size_bytes,size_mb,session_start,session_end,session_description,has_behavior,is_maze,is_novel_maze,is_two_maze,has_pre_sleep,has_post_sleep,sha256,download_url
48507af3-9fb8-4ec2-ba63-3e19b2703352,M01,sub-M01/sub-M01_ses-20240308T100000_ecephys.nwb,70720864,70.721,2024-03-08T10:00:00Z,2024-03-08T11:35:15.325367Z,Head Fix Session with Odor Stimulation,False,False,False,False,False,False,d85c317a5b374212b002febce4bc4cfc4509663514b2d4498d766f4c12b02806,https://api.dandiarchive.org/api/assets/48507af3-9fb8-4ec2-ba63-3e19b2703352/download/
52b551c4-2a2f-4a87-82f5-3d804b7cb82a,M01,sub-M01/sub-M01_ses-20240312T100000_behavior+ecephys.nwb,187350474,187.35,2024-03-12T10:00:00Z,2024-03-12T13:17:39.783600Z,Novel Maze Session with Pre and Post sleep,True,True,True,False,True,True,93cba7417eca78d2c3a51987a67f396a5f36ab120c539e1448f48bd07c959761,https://api.dandiarchive.org/api/assets/52b551c4-2a2f-4a87-82f5-3d804b7cb82a/download/
6d733831-afbf-44c2-8c46-7b3550f5e672,M01,sub-M01/sub-M01_ses-20240313T100000_behavior+ecephys.nwb,125772852,125.773,2024-03-13T10:00:00Z,2024-03-13T13:06:28.777600Z,Novel Maze Session with Pre and Post sleep,True,True,True,False,True,True,46a552e378b645fa4f3fab27efbc1fefbb924d245cc71fb1646182144e9fc29a,https://api.dandiarchive.org/api/assets/6d733831-afbf-44c2-8c46-7b3550f5e672/download/
80edb3f8-ff28-4694-9b55-7ef98b4d43dc,M01,sub-M01/sub-M01_ses-20240314T100000_behavior+ecephys.nwb,134620736,134.621,2024-03-14T10:00:00Z,2024-03-14T12:47:22.731467Z,Novel Maze Session with Pre and Post sleep,True,True,True,False,True,True,9990c8c3d307daf753adefa3aa3be13caf17eeb2312614ed681f6784c18e3e3f,https://api.dandiarchive.org/api/assets/80edb3f8-ff28-4694-9b55-7ef98b4d43dc/download/
b597de93-315f-477c-ac3d-1b87f0f3bbe9,M01,sub-M01/sub-M01_ses-20240318T100000_behavior+ecephys.nwb,190033984,190.034,2024-03-18T10:00:00Z,2024-03-18T13:15:25.019267Z,Novel Maze Session with Pre and Post sleep,True,True,True,False,True,True,52e402de042fd85e26a95cd83c7142ed38a4df0774eddc93f92305c897ed477d,https://api.dandiarchive.org/api/assets/b597de93-315f-477c-ac3d-1b87f0f3bbe9/download/
a0c10954-8d63-4114-b91f-e5b0560ee2bc,M02,sub-M02/sub-M02_ses-20240226T100000_ecephys.nwb,79311908,79.312,2024-02-26T10:00:00Z,2024-02-26T13:57:05.299267Z,Head Fix Session with Odor Stimulation,False,False,False,False,False,False,7a8c37131254d0315ed753cb942d30f94f6466d5c6d8490e4b800319e3fc0e32,https://api.dandiarchive.org/api/assets/a0c10954-8d63-4114-b91f-e5b0560ee2bc/download/
9a3df357-88e8-48f8-b52c-4abc28e7da03,M02,sub-M02/sub-M02_ses-20240307T100000_ecephys.nwb,114018584,114.019,2024-03-07T10:00:00Z,2024-03-07T13:19:16.730533Z,Head Fix Session with Odor Stimulation,False,False,False,False,False,False,7f5b3f77a152515a85033502e310013cbadb70e209334ae243c086db6915244a,https://api.dandiarchive.org/api/assets/9a3df357-88e8-48f8-b52c-4abc28e7da03/download/
1e4d5403-a8cc-4814-a904-7aff57f8cc4d,M02,sub-M02/sub-M02_ses-20240312T100000_behavior+ecephys.nwb,61347328,61.347,2024-03-12T10:00:00Z,2024-03-12T13:03:57.750400Z,Novel Maze Session with Pre and Post sleep,True,True,True,False,True,True,323e99a1ec1b028a35da8cd955f2671a1f9e1853b46622c19863424943c962db,https://api.dandiarchive.org/api/assets/1e4d5403-a8cc-4814-a904-7aff57f8cc4d/download/
b9876bef-9508-4329-b5ed-8d9da2a3e201,M02,sub-M02/sub-M02_ses-20240313T100000_behavior+ecephys.nwb,98347742,98.348,2024-03-13T10:00:00Z,2024-03-13T13:12:19.671200Z,Novel Maze Session with Pre and Post sleep,True,True,True,False,True,True,6698cfdacd7d5c4c7830b1ae28be6877d267130eee31735201370c06f2b3cdb2,https://api.dandiarchive.org/api/assets/b9876bef-9508-4329-b5ed-8d9da2a3e201/download/
0a41ffc1-8216-4663-8842-14e4222742ad,M02,sub-M02/sub-M02_ses-20240314T100000_behavior+ecephys.nwb,121173578,121.174,2024-03-14T10:00:00Z,2024-03-14T13:30:14.698400Z,Novel Maze Session with Pre and Post sleep,True,True,True,False,True,True,ab411f4b7054a19f2b796b79eb2fc3ae39beb2825053dedf61ec5b3ed0c41db3,https://api.dandiarchive.org/api/assets/0a41ffc1-8216-4663-8842-14e4222742ad/download/
65df8973-2ee8-4e25-ac6d-e4a7a49f90ae,M02,sub-M02/sub-M02_ses-20240318T100000_behavior+ecephys.nwb,112530616,112.531,2024-03-18T10:00:00Z,2024-03-18T13:12:23.872000Z,Novel Maze Session with Pre and Post sleep,True,True,True,False,True,True,63bd1f675caf31e949098c5338d81021ae348c1b4496ed28bd0fb59af533b89a,https://api.dandiarchive.org/api/assets/65df8973-2ee8-4e25-ac6d-e4a7a49f90ae/download/
919a7252-5344-4417-b29b-e5fda1e04a35,M03,sub-M03/sub-M03_ses-20240621T100000_behavior+ecephys.nwb,199825270,199.825,2024-06-21T10:00:00Z,2024-06-21T13:53:03.051600Z,Novel Maze Session with Pre and Post sleep,True,True,True,False,True,True,2e8679a96325006fad6520d592172ae388b737a5cfc0c3eae471ae8a1f69d001,https://api.dandiarchive.org/api/assets/919a7252-5344-4417-b29b-e5fda1e04a35/download/
4849251b-a219-4d77-beed-b5a176a0b718,M03,sub-M03/sub-M03_ses-20240622T100000_behavior+ecephys.nwb,193772642,193.773,2024-06-22T10:00:00Z,2024-06-22T13:49:52.910700Z,Novel Maze Session with Pre and Post sleep,True,True,True,False,True,True,c097308c6104f4c513a702123eca9216836c247723cc7473ad002d744a05c3e3,https://api.dandiarchive.org/api/assets/4849251b-a219-4d77-beed-b5a176a0b718/download/
605ae4d4-454b-435b-97ef-84518ce63932,M03,sub-M03/sub-M03_ses-20240623T100000_behavior+ecephys.nwb,189681230,189.681,2024-06-23T10:00:00Z,2024-06-23T13:11:51.977600Z,Novel Maze Session with Pre and Post sleep,True,True,True,False,True,True,f4d1526b88f555a3adbddf91d9bf00acf636c1794933dfab14db6f03c4cb69cf,https://api.dandiarchive.org/api/assets/605ae4d4-454b-435b-97ef-84518ce63932/download/
8e53f59f-4280-47f0-a208-5f26e498f561,M03,sub-M03/sub-M03_ses-20240624T100000_behavior+ecephys.nwb,229336688,229.337,2024-06-24T10:00:00Z,2024-06-24T14:42:29.449600Z,Novel Maze Session with Pre and Post sleep,True,True,True,False,True,True,12202f597c04c76c131ed1e8aaf0afbbe2af256daf31dc4b45a64ef0ef633845,https://api.dandiarchive.org/api/assets/8e53f59f-4280-47f0-a208-5f26e498f561/download/
ecf6c755-70f4-4b29-aeeb-21c959afcf0b,M05,sub-M05/sub-M05_ses-20240727T100000_ecephys.nwb,147103800,147.104,2024-07-27T10:00:00Z,2024-07-27T13:13:42.646367Z,Head Fix Session with Odor Stimulation,False,False,False,False,False,False,fc9d4d0e45d4ce350dfb9f78ae79eb7760b7f7094a82bef598e9bab23b13b519,https://api.dandiarchive.org/api/assets/ecf6c755-70f4-4b29-aeeb-21c959afcf0b/download/
7b927436-b056-4114-85af-2ef4c75582b6,M05,sub-M05/sub-M05_ses-20240729T100000_behavior+ecephys.nwb,241713926,241.714,2024-07-29T10:00:00Z,2024-07-29T13:53:55.618400Z,Novel Maze Session with Pre and Post sleep,True,True,True,False,True,True,cea6a9ee049b8fd7257a184bf1538dc46b1ba17134f8d407a507caed80b0d22f,https://api.dandiarchive.org/api/assets/7b927436-b056-4114-85af-2ef4c75582b6/download/
8a373385-fad5-40e8-b582-a555fddc57ae,M05,sub-M05/sub-M05_ses-20240730T100000_behavior+ecephys.nwb,246983414,246.983,2024-07-30T10:00:00Z,2024-07-30T14:17:24.492000Z,Novel Maze Session with Pre and Post sleep,True,True,True,False,True,True,a3c84e252281b587be301d0075f517c119d48454fc09e436aacdfaf1e5489bf1,https://api.dandiarchive.org/api/assets/8a373385-fad5-40e8-b582-a555fddc57ae/download/
091bc936-b149-4598-b89a-e9db45499a69,M05,sub-M05/sub-M05_ses-20240731T100000_behavior+ecephys.nwb,239530098,239.53,2024-07-31T10:00:00Z,2024-07-31T13:50:19.990400Z,Novel Maze Session with Pre and Post sleep,True,True,True,False,True,True,d3f4604874f944fce2cdfc1eeb2e3e6e76a9d4a1fdd0e4f3ace4078c441a250a,https://api.dandiarchive.org/api/assets/091bc936-b149-4598-b89a-e9db45499a69/download/
80545ae4-e6cf-4598-a2e5-d66dbbb2fdcb,NN_syn_M02,sub-NN-syn-M02/sub-NN-syn-M02_ses-20230504T100000_ecephys.nwb,26542012,26.542,2023-05-04T10:00:00Z,2023-05-04T10:36:24.851200Z,Head-fix SiNAPS Recording,False,False,False,False,False,False,c975613e67decc7d83a85267cbff4f05d1bdbd155a149401c47970fff7321168,https://api.dandiarchive.org/api/assets/80545ae4-e6cf-4598-a2e5-d66dbbb2fdcb/download/
006d3cdf-5c66-4b2b-b972-e1f7128eccaf,NN_syn_M05,sub-NN-syn-M05/sub-NN-syn-M05_ses-20230601T100000_ecephys.nwb,30679370,30.679,2023-06-01T10:00:00Z,2023-06-01T10:54:20.083200Z,Head-fix SiNAPS Recording,False,False,False,False,False,False,a4ca4d41b887ad44373a4497346f762170972068839376daab28a0a455a97aed,https://api.dandiarchive.org/api/assets/006d3cdf-5c66-4b2b-b972-e1f7128eccaf/download/
3fe7b856-a97e-4033-a0fa-efa21c5cd67f,NN_syn_M05,sub-NN-syn-M05/sub-NN-syn-M05_ses-20230607T100000_ecephys.nwb,47908658,47.909,2023-06-07T10:00:00Z,2023-06-07T11:00:17.305600Z,Head-fix SiNAPS Recording,False,False,False,False,False,False,d9ac669ee6867d34775ff08102782d7c3572cc4d53d303ffd5ec81ebdb0cc618,https://api.dandiarchive.org/api/assets/3fe7b856-a97e-4033-a0fa-efa21c5cd67f/download/
