file,region,block,direction,n_cells,n_traversals,late_traversals,occupied_bin_fraction,split_half_r,spearman_brown_reliability,status
sub-M01_ses-20240312T100000_behavior+ecephys.nwb,CA1,1,LtoR,142,35,10,0.875,0.3655667297383588,0.5354066143781945,ok
sub-M01_ses-20240312T100000_behavior+ecephys.nwb,CA1,1,RtoL,142,36,10,0.875,0.38566789260991285,0.5566527082957884,ok
sub-M01_ses-20240312T100000_behavior+ecephys.nwb,CA3,1,LtoR,21,35,10,0.875,0.2162500321383162,0.35560127675083747,ok
sub-M01_ses-20240312T100000_behavior+ecephys.nwb,CA3,1,RtoL,21,36,10,0.875,0.047582894111404025,0.09084320559045683,ok
sub-M01_ses-20240312T100000_behavior+ecephys.nwb,RSC,1,LtoR,116,35,10,0.875,0.06487103855780359,0.12183830005492678,ok
sub-M01_ses-20240312T100000_behavior+ecephys.nwb,RSC,1,RtoL,116,36,10,0.875,0.11718808497473686,0.20979114716818134,ok
sub-M01_ses-20240313T100000_behavior+ecephys.nwb,CA1,1,LtoR,85,40,10,0.875,0.4166214291573477,0.5881902116999143,ok
sub-M01_ses-20240313T100000_behavior+ecephys.nwb,CA1,1,RtoL,85,40,10,0.875,0.45616612567304266,0.6265303355579732,ok
sub-M01_ses-20240313T100000_behavior+ecephys.nwb,CA3,1,LtoR,27,40,10,0.875,0.4318216686689777,0.6031780048005551,ok
sub-M01_ses-20240313T100000_behavior+ecephys.nwb,CA3,1,RtoL,27,40,10,0.875,0.2706994507601912,0.4260636936582388,ok
sub-M01_ses-20240313T100000_behavior+ecephys.nwb,RSC,1,LtoR,31,40,10,0.875,0.3154824994349424,0.47964530059572213,ok
sub-M01_ses-20240313T100000_behavior+ecephys.nwb,RSC,1,RtoL,31,40,10,0.875,0.5015933662851682,0.6680814893662901,ok
sub-M01_ses-20240314T100000_behavior+ecephys.nwb,CA1,1,LtoR,67,58,10,0.875,0.545589151303867,0.7059950580574471,ok
sub-M01_ses-20240314T100000_behavior+ecephys.nwb,CA1,1,RtoL,67,58,10,0.875,0.6998020718669564,0.8233924213286051,ok
sub-M01_ses-20240314T100000_behavior+ecephys.nwb,CA3,1,LtoR,28,58,10,0.875,0.2621954327094915,0.4154593273193039,ok
sub-M01_ses-20240314T100000_behavior+ecephys.nwb,CA3,1,RtoL,28,58,10,0.875,0.4542912476425375,0.6247596530323086,ok
sub-M01_ses-20240314T100000_behavior+ecephys.nwb,RSC,1,LtoR,36,58,10,0.875,0.15694838757906376,0.2713144151702069,ok
sub-M01_ses-20240314T100000_behavior+ecephys.nwb,RSC,1,RtoL,36,58,10,0.875,0.2671569494690987,0.4216635509611174,ok
sub-M01_ses-20240318T100000_behavior+ecephys.nwb,CA1,1,LtoR,74,29,10,0.875,0.5534317896182035,0.7125279568975782,ok
sub-M01_ses-20240318T100000_behavior+ecephys.nwb,CA1,1,RtoL,74,29,10,0.875,0.632713799063327,0.7750455706643861,ok
sub-M01_ses-20240318T100000_behavior+ecephys.nwb,CA1,2,LtoR,74,27,10,0.875,0.5076122858289728,0.6733989774431403,ok
sub-M01_ses-20240318T100000_behavior+ecephys.nwb,CA1,2,RtoL,74,27,10,0.875,0.6369385822688669,0.7782070618508397,ok
sub-M01_ses-20240318T100000_behavior+ecephys.nwb,CA3,1,LtoR,11,29,10,0.875,0.2473526664015516,0.3966042211865094,ok
sub-M01_ses-20240318T100000_behavior+ecephys.nwb,CA3,1,RtoL,11,29,10,0.875,0.30306554821212683,0.465157794445488,ok
sub-M01_ses-20240318T100000_behavior+ecephys.nwb,CA3,2,LtoR,11,27,10,0.875,0.23395408215197508,0.3791941459344531,ok
sub-M01_ses-20240318T100000_behavior+ecephys.nwb,CA3,2,RtoL,11,27,10,0.875,0.03420928098273397,0.06615543219690966,ok
sub-M01_ses-20240318T100000_behavior+ecephys.nwb,RSC,1,LtoR,38,29,10,0.875,0.2652245871697592,0.4192529766798994,ok
sub-M01_ses-20240318T100000_behavior+ecephys.nwb,RSC,1,RtoL,38,29,10,0.875,0.3620332103427044,0.5316070233729652,ok
sub-M01_ses-20240318T100000_behavior+ecephys.nwb,RSC,2,LtoR,38,27,10,0.875,0.16462688757507918,0.28271180981894733,ok
sub-M01_ses-20240318T100000_behavior+ecephys.nwb,RSC,2,RtoL,38,27,10,0.875,0.10231449554438678,0.18563576176843785,ok
sub-M02_ses-20240312T100000_behavior+ecephys.nwb,CA1,1,LtoR,63,36,10,0.875,0.1044776285566385,0.1891892164319756,ok
sub-M02_ses-20240312T100000_behavior+ecephys.nwb,CA1,1,RtoL,63,35,10,0.875,0.2526491502170525,0.4033837410471635,ok
sub-M02_ses-20240312T100000_behavior+ecephys.nwb,CA3,1,LtoR,18,36,10,0.875,0.33599514271175834,0.5029885692993862,ok
sub-M02_ses-20240312T100000_behavior+ecephys.nwb,CA3,1,RtoL,18,35,10,0.875,0.3596567816133736,0.5290405438740262,ok
sub-M02_ses-20240312T100000_behavior+ecephys.nwb,RSC,1,LtoR,7,36,10,0.875,0.1278110859642878,0.22665335986657423,ok
sub-M02_ses-20240312T100000_behavior+ecephys.nwb,RSC,1,RtoL,7,35,10,0.875,0.1593660243431273,0.27491925931402167,ok
sub-M02_ses-20240313T100000_behavior+ecephys.nwb,CA1,1,LtoR,173,54,10,0.875,0.34178439430651697,0.5094475621519858,ok
sub-M02_ses-20240313T100000_behavior+ecephys.nwb,CA1,1,RtoL,173,54,10,0.875,0.2689778249037258,0.42392832975490724,ok
sub-M02_ses-20240313T100000_behavior+ecephys.nwb,CA3,1,LtoR,37,54,10,0.875,0.2770040683736416,0.4338342770143663,ok
sub-M02_ses-20240313T100000_behavior+ecephys.nwb,CA3,1,RtoL,37,54,10,0.875,0.34095203057414947,0.508522337563657,ok
sub-M02_ses-20240313T100000_behavior+ecephys.nwb,RSC,1,LtoR,54,54,10,0.875,0.08788586637577464,0.161571850673198,ok
sub-M02_ses-20240313T100000_behavior+ecephys.nwb,RSC,1,RtoL,54,54,10,0.875,0.09110047093459606,0.16698823501847226,ok
sub-M02_ses-20240314T100000_behavior+ecephys.nwb,CA1,1,LtoR,156,49,10,0.875,0.40222394347359625,0.5736943023197921,ok
sub-M02_ses-20240314T100000_behavior+ecephys.nwb,CA1,1,RtoL,156,49,10,0.875,0.26823852653946706,0.42300958522587445,ok
sub-M02_ses-20240314T100000_behavior+ecephys.nwb,CA3,1,LtoR,31,49,10,0.875,0.23882535830890686,0.3855674356471393,ok
sub-M02_ses-20240314T100000_behavior+ecephys.nwb,CA3,1,RtoL,31,49,10,0.875,0.42185572884137673,0.5933875291062519,ok
sub-M02_ses-20240314T100000_behavior+ecephys.nwb,RSC,1,LtoR,60,49,10,0.875,0.10761651456355785,0.19432089202094058,ok
sub-M02_ses-20240314T100000_behavior+ecephys.nwb,RSC,1,RtoL,60,49,10,0.875,0.10408998315919966,0.18855344174278382,ok
sub-M02_ses-20240318T100000_behavior+ecephys.nwb,CA1,1,LtoR,78,22,10,0.875,0.5500323804914277,0.7097043744557692,ok
sub-M02_ses-20240318T100000_behavior+ecephys.nwb,CA1,1,RtoL,78,21,10,0.875,0.48321921427285347,0.6515816537742887,ok
sub-M02_ses-20240318T100000_behavior+ecephys.nwb,CA1,2,LtoR,78,26,10,0.875,0.2501410452385292,0.4001805175364062,ok
sub-M02_ses-20240318T100000_behavior+ecephys.nwb,CA1,2,RtoL,78,27,10,0.875,0.2677978989516092,0.4224614966992162,ok
sub-M02_ses-20240318T100000_behavior+ecephys.nwb,CA3,1,LtoR,19,22,10,0.875,0.37472979511495536,0.5451686527003954,ok
sub-M02_ses-20240318T100000_behavior+ecephys.nwb,CA3,1,RtoL,19,21,10,0.875,0.4389580143734062,0.6101053817953824,ok
sub-M02_ses-20240318T100000_behavior+ecephys.nwb,CA3,2,LtoR,19,26,10,0.875,0.42259942894316116,0.5941228716183405,ok
sub-M02_ses-20240318T100000_behavior+ecephys.nwb,CA3,2,RtoL,19,27,10,0.875,0.52196408612054,0.6859085452548587,ok
sub-M02_ses-20240318T100000_behavior+ecephys.nwb,RSC,1,LtoR,19,22,10,0.875,0.25023350390558774,0.4002988291769284,ok
sub-M02_ses-20240318T100000_behavior+ecephys.nwb,RSC,1,RtoL,19,21,10,0.875,0.22932772037277688,0.37309452405943694,ok
sub-M02_ses-20240318T100000_behavior+ecephys.nwb,RSC,2,LtoR,19,26,10,0.875,0.097823976151303,0.17821431900995544,ok
sub-M02_ses-20240318T100000_behavior+ecephys.nwb,RSC,2,RtoL,19,27,10,0.875,0.10553472701171007,0.19092069101614434,ok
sub-M03_ses-20240621T100000_behavior+ecephys.nwb,CA1,1,LtoR,91,43,10,0.875,0.6487480562446761,0.7869583879568816,ok
sub-M03_ses-20240621T100000_behavior+ecephys.nwb,CA1,1,RtoL,91,44,10,0.875,0.7525539901378754,0.8588083384280459,ok
sub-M03_ses-20240621T100000_behavior+ecephys.nwb,CA3,1,LtoR,39,43,10,0.875,0.4723687930206744,0.6416446684550745,ok
sub-M03_ses-20240621T100000_behavior+ecephys.nwb,CA3,1,RtoL,39,44,10,0.875,0.6018089498526514,0.7514116460742852,ok
sub-M03_ses-20240621T100000_behavior+ecephys.nwb,RSC,1,LtoR,61,43,10,0.875,0.576859516117256,0.731656194126504,ok
sub-M03_ses-20240621T100000_behavior+ecephys.nwb,RSC,1,RtoL,61,44,10,0.875,0.727635584410424,0.8423484570199313,ok
sub-M03_ses-20240622T100000_behavior+ecephys.nwb,CA1,1,LtoR,88,43,10,0.875,0.5025210440167122,0.668903834682162,ok
sub-M03_ses-20240622T100000_behavior+ecephys.nwb,CA1,1,RtoL,88,46,10,0.875,0.6058023722018459,0.7545167234635244,ok
sub-M03_ses-20240622T100000_behavior+ecephys.nwb,CA3,1,LtoR,42,43,10,0.875,0.4944106951129178,0.6616798136278864,ok
sub-M03_ses-20240622T100000_behavior+ecephys.nwb,CA3,1,RtoL,42,46,10,0.875,0.39497183828646387,0.5662793003357457,ok
sub-M03_ses-20240622T100000_behavior+ecephys.nwb,RSC,1,LtoR,51,43,10,0.875,0.456565467994292,0.626906895744258,ok
sub-M03_ses-20240622T100000_behavior+ecephys.nwb,RSC,1,RtoL,51,46,10,0.875,0.43417647104795193,0.6054714741355357,ok
sub-M03_ses-20240623T100000_behavior+ecephys.nwb,CA1,1,LtoR,133,42,10,0.875,0.4083382993982709,0.5798866644083147,ok
sub-M03_ses-20240623T100000_behavior+ecephys.nwb,CA1,1,RtoL,133,42,10,0.875,0.46920263020363145,0.638717383916744,ok
sub-M03_ses-20240623T100000_behavior+ecephys.nwb,CA3,1,LtoR,51,42,10,0.875,0.48146004900352085,0.6499804693719103,ok
sub-M03_ses-20240623T100000_behavior+ecephys.nwb,CA3,1,RtoL,51,42,10,0.875,0.43314511649615145,0.6044679097886939,ok
sub-M03_ses-20240623T100000_behavior+ecephys.nwb,RSC,1,LtoR,70,42,10,0.875,0.2933827313789482,0.45366730861816335,ok
sub-M03_ses-20240623T100000_behavior+ecephys.nwb,RSC,1,RtoL,70,42,10,0.875,0.35544923154650016,0.5244744299879831,ok
sub-M03_ses-20240624T100000_behavior+ecephys.nwb,CA1,1,LtoR,123,23,10,0.875,0.5052027865118064,0.6712753803526708,ok
sub-M03_ses-20240624T100000_behavior+ecephys.nwb,CA1,1,RtoL,123,23,10,0.875,0.6855638341675568,0.8134534216630647,ok
sub-M03_ses-20240624T100000_behavior+ecephys.nwb,CA1,2,LtoR,123,20,10,0.875,0.31161169132592526,0.47515845335430484,ok
sub-M03_ses-20240624T100000_behavior+ecephys.nwb,CA1,2,RtoL,123,19,10,0.875,0.5185494031791426,0.6829536162518507,ok
sub-M03_ses-20240624T100000_behavior+ecephys.nwb,CA3,1,LtoR,44,23,10,0.875,0.5246209676485538,0.688198547416916,ok
sub-M03_ses-20240624T100000_behavior+ecephys.nwb,CA3,1,RtoL,44,23,10,0.875,0.29578776993292005,0.45653736946171714,ok
sub-M03_ses-20240624T100000_behavior+ecephys.nwb,CA3,2,LtoR,44,20,10,0.875,0.24918561014531787,0.3989569013948697,ok
sub-M03_ses-20240624T100000_behavior+ecephys.nwb,CA3,2,RtoL,44,19,10,0.875,0.4317084147219952,0.6030675105109626,ok
sub-M03_ses-20240624T100000_behavior+ecephys.nwb,RSC,1,LtoR,62,23,10,0.875,0.4776968250410048,0.6465423988817857,ok
sub-M03_ses-20240624T100000_behavior+ecephys.nwb,RSC,1,RtoL,62,23,10,0.875,0.47998273761920673,0.648632886612363,ok
sub-M03_ses-20240624T100000_behavior+ecephys.nwb,RSC,2,LtoR,62,20,10,0.875,0.2956352537971651,0.45635568024370465,ok
sub-M03_ses-20240624T100000_behavior+ecephys.nwb,RSC,2,RtoL,62,19,10,0.875,0.46526949366116555,0.6350633732210305,ok
sub-M05_ses-20240729T100000_behavior+ecephys.nwb,CA1,1,LtoR,72,49,10,0.875,0.4058139016103689,0.5773365893529812,ok
sub-M05_ses-20240729T100000_behavior+ecephys.nwb,CA1,1,RtoL,72,50,10,0.875,0.2891048907489997,0.4485358682969903,ok
sub-M05_ses-20240729T100000_behavior+ecephys.nwb,CA3,1,LtoR,128,49,10,0.875,0.27844727560644406,0.43560228242398163,ok
sub-M05_ses-20240729T100000_behavior+ecephys.nwb,CA3,1,RtoL,128,50,10,0.875,0.14295190749377473,0.2501450963185926,ok
sub-M05_ses-20240729T100000_behavior+ecephys.nwb,RSC,1,LtoR,100,49,10,0.875,0.2581520137704252,0.41036696829152813,ok
sub-M05_ses-20240729T100000_behavior+ecephys.nwb,RSC,1,RtoL,100,50,10,0.875,0.15085286475514498,0.26215838596750657,ok
sub-M05_ses-20240730T100000_behavior+ecephys.nwb,CA1,1,LtoR,44,39,10,0.875,0.41652568350985286,0.5880947848086874,ok
sub-M05_ses-20240730T100000_behavior+ecephys.nwb,CA1,1,RtoL,44,38,10,0.875,0.37835999248193797,0.5490002532656881,ok
sub-M05_ses-20240730T100000_behavior+ecephys.nwb,CA3,1,LtoR,113,39,10,0.875,0.2692559767018486,0.42427371884670273,ok
sub-M05_ses-20240730T100000_behavior+ecephys.nwb,CA3,1,RtoL,113,38,10,0.875,0.29867233183852127,0.45996565032796677,ok
sub-M05_ses-20240730T100000_behavior+ecephys.nwb,RSC,1,LtoR,67,39,10,0.875,0.3112128525046012,0.4746946339187277,ok
sub-M05_ses-20240730T100000_behavior+ecephys.nwb,RSC,1,RtoL,67,38,10,0.875,0.3760051093501727,0.5465170249661988,ok
sub-M05_ses-20240731T100000_behavior+ecephys.nwb,CA1,1,LtoR,57,47,10,0.875,0.20424449582164547,0.339207688356161,ok
sub-M05_ses-20240731T100000_behavior+ecephys.nwb,CA1,1,RtoL,57,46,10,0.875,0.1661592222686723,0.28496832867371646,ok
sub-M05_ses-20240731T100000_behavior+ecephys.nwb,CA3,1,LtoR,141,47,10,0.875,0.10194223391637826,0.18502282747448306,ok
sub-M05_ses-20240731T100000_behavior+ecephys.nwb,CA3,1,RtoL,141,46,10,0.875,0.12484269407542167,0.22197360525693358,ok
sub-M05_ses-20240731T100000_behavior+ecephys.nwb,RSC,1,LtoR,55,47,10,0.875,0.029029474858894195,0.056421075524342716,ok
sub-M05_ses-20240731T100000_behavior+ecephys.nwb,RSC,1,RtoL,55,46,10,0.875,0.08262396805105444,0.15263650258878816,ok
